"TSTEP","MONTH","YEAR","EUP_ces45","COP_ces45","MZP_ces45","PhL_ces45","PhS_ces45"
1,1,2006,-1.0541079975906,-1.1103419160778,-0.857832391402289,0.0308915048208624,-1.13309291142956
2,2,2006,-2.0354648093357,-1.61957145645848,-0.484519710492248,0.840205073200144,-0.229414645882511
3,3,2006,-0.528394406525333,-0.600730009803373,0.824076735134606,0.67437941907304,-0.136537500765128
4,4,2006,0.310253402283292,0.320718873363947,0.287719274115525,-0.0614084193756615,-0.198417678524351
5,5,2006,-0.109968492280909,-0.111222386665357,-0.054514894467668,-0.0203874191444448,-0.331207373715344
6,6,2006,-0.159235113128318,-0.217230032483567,-0.0669695775466249,-0.20615823089437,-0.28544551971833
7,7,2006,0.0528954007326585,-0.25040057372555,-0.106204427208181,0.0918349243106178,-0.37974974678023
8,8,2006,-0.136493007590917,-0.495344160622529,-0.0754188112474765,0.344132406005098,-0.479152167309719
9,9,2006,-0.214710316930511,-0.552592403065475,-0.0653345711581692,0.0646234205129774,-0.634301885958177
10,10,2006,-0.0419695017526359,-0.4662493348386,-0.26633334579037,-0.157982642004533,-0.546391090763342
11,11,2006,-0.225977624497684,-0.590308755211092,-0.352766629690539,-0.354482039631026,-0.543823644004553
12,12,2006,-0.461776741313359,-0.706466378988887,-0.444397798292433,0.0544983720531624,-0.781909316353
13,1,2007,-0.821398500532375,-0.975044169285534,-0.749587915042795,0.0506958328018645,-1.15670830692871
14,2,2007,-2.04675592033708,-1.62861980922034,-0.583413188459637,0.187521184957465,-0.246825558897053
15,3,2007,-0.640391468452415,-0.809633624644096,-0.275932605240153,0.0398850025995892,-0.159460717145083
16,4,2007,-0.176112023785748,-0.0379591378480663,0.367398392514376,-0.165742681951768,-0.216886270720528
17,5,2007,-0.159847068866504,-0.0349005762190069,0.145422175948424,-0.0454118415123469,-0.2859399220852
18,6,2007,-0.179582690978178,-0.192519959000779,0.182194280255398,-0.0391394331788186,-0.185337359415899
19,7,2007,0.0874669860977626,-0.215751790596544,0.114715769730721,-0.00176742086161918,-0.340775212580494
20,8,2007,-0.195257923770258,-0.532108709827975,-0.0356893347924083,0.231408191795897,-0.511310911027084
21,9,2007,-0.0442946575300951,-0.459647701161868,0.0555704558129897,0.431443092918606,-0.615412010416769
22,10,2007,-0.0898631228567032,-0.493210581520504,0.0686356146007012,0.292162787553971,-0.457358992313299
23,11,2007,-0.132432664401061,-0.537093474121927,-0.161626359960965,-0.215614385073878,-0.415123583707497
24,12,2007,-0.0999746709476312,-0.51117365010598,-0.139942512561626,0.200561607504309,-0.40913300398192
25,1,2008,-0.64480982257808,-0.879742029120199,-0.391513080359575,0.0471143019784028,-0.987152154700885
26,2,2008,-2.04755417855689,-1.63139476879544,-0.582440189659759,0.01235825628412,-0.249271868994911
27,3,2008,-0.65204788056933,-0.844286939173764,-0.972663900908531,-0.0531200133009107,-0.163033388779461
28,4,2008,-0.744651304531022,-0.697719118247728,-0.375779730237584,-0.227856142493911,-0.231372416906188
29,5,2008,-0.364522468683651,-0.332548655676579,-0.432195307712187,-0.456300302314958,-0.444659146687467
30,6,2008,0.233393009584688,0.150205503107048,-0.399186834251935,0.0761055320086947,-0.210662659671293
31,7,2008,0.0232094679132704,-0.297917011620946,-0.0686463284081461,0.227382068496928,-0.153972993980435
32,8,2008,0.224213015734809,-0.326135868555788,-0.0629945179270941,-0.0197762992300746,-0.226965627242359
33,9,2008,-0.0774133050479417,-0.50623655292039,-0.0164210109911168,0.387586347908029,-0.333340544073429
34,10,2008,-0.0560684404926655,-0.480037421019765,0.0802135802624042,0.726713777458962,-0.384715903958281
35,11,2008,0.0946742749767522,-0.408788797368141,-0.171326862546903,0.929328959242502,-0.590645663528953
36,12,2008,-0.40894913207055,-0.701016874275125,-0.391168173644144,0.590069432361302,-0.641059324086445
37,1,2009,-0.256457294695821,-0.597266938743389,0.144499884020804,0.685725237718362,1.36646414800328
38,2,2009,2.43189865318604,1.36018193200482,0.890225909748054,-0.108257197963941,0.179681515007623
39,3,2009,-0.0315961372676933,-0.025778192198603,-0.47493260260976,-0.111351698876848,-0.167768663059076
40,4,2009,-0.310886515981707,-0.340563213418468,-0.12113010535579,-0.00417274912170007,-0.208965215184501
41,5,2009,0.224936386850408,0.301437289561497,-0.109687494628702,-0.00811232405283735,-0.304493773749589
42,6,2009,-0.0996723275979395,-0.199744974654098,0.120032572015796,0.0481359243937931,-0.181325539839437
43,7,2009,-0.0796260549062683,-0.353486841618336,0.00519382483445407,-0.0363015302892548,-0.220589125779597
44,8,2009,0.164981502222892,-0.331431333320666,0.0683406112767693,0.737785832309854,-0.284579796527042
45,9,2009,0.123722066434988,-0.373431089758775,0.0823566766068988,0.444484943383118,-0.518772450697327
46,10,2009,-0.0148165311383218,-0.473083286916486,-0.0233857704196498,0.436648788226175,-0.448073398417377
47,11,2009,0.0243087402187752,-0.476356795735438,-0.0791378146960282,0.635785925766349,-0.419712223495308
48,12,2009,-0.440064746614984,-0.726178738842969,-0.376717582693056,0.241124384468285,-0.771100601882322
49,1,2010,-0.934208139376211,-1.04912037237591,-0.753635238436617,0.603214022567953,-1.15398385063837
50,2,2010,-1.7972462120568,-1.47631885970248,-0.339923323232878,0.344401932238738,-0.256943560262121
51,3,2010,-0.454271790765756,-0.589299165854294,-0.129526118771485,-0.186071393796358,-0.166514230627035
52,4,2010,-0.377589881841983,-0.462322954679596,-0.292105442390596,0.255646111424946,-0.0389654838110434
53,5,2010,0.326834375785351,0.327522896177991,-0.0624647775538718,0.254720706003949,0.211353406808691
54,6,2010,-0.19571169460883,-0.271574445937751,-0.121836731412673,-0.122603182601434,-0.0523644393313567
55,7,2010,-0.160246752627814,-0.382976437655051,-0.0921365335230266,0.0193682374395552,-0.0117587032014963
56,8,2010,0.207923364638896,-0.278579731448442,0.0708846588238226,0.482429757914084,0.207555194972149
57,9,2010,0.262450748197152,-0.273517738386623,0.0764985609334601,0.0334864565526474,0.175267621905877
58,10,2010,0.260083969351931,-0.300701826552833,0.105243184093093,0.605281998630549,-0.0367400806160108
59,11,2010,0.0742660400356658,-0.417794468994585,0.160284133800349,1.06911459736613,-0.111245750799823
60,12,2010,0.0457873875310133,-0.477084504515635,0.0569324974367484,0.250707552609792,0.00702884072187171
61,1,2011,0.211434920944951,-0.362258051840904,0.0632416128452411,-0.162950515514366,0.554513548457658
62,2,2011,1.38097321661689,0.701101101592958,0.3217832738189,-0.42238627484351,0.313552944040363
63,3,2011,0.337356656051594,0.562669893840774,0.317236260796571,-0.30162189991341,0.298787216155393
64,4,2011,-0.0346938422841678,-0.0594157367557836,-0.343276325074076,-0.421932697304181,0.369600856498473
65,5,2011,0.124884999057906,0.258106732762239,-0.401271563439241,-0.456548676555374,0.63111043941763
66,6,2011,-0.0292064719044265,-0.0916055631912449,-0.385248198264281,0.326908985819125,0.079008557303986
67,7,2011,0.396296283003932,-0.0155071619592345,0.195590731817686,0.773714315500772,0.147758155187261
68,8,2011,0.0671811554120718,-0.392758015233117,-0.0226716798049744,0.146614193270857,0.0541939309744
69,9,2011,0.214508953181411,-0.321956967334201,0.0511236869996208,0.110795251823331,0.172331906605258
70,10,2011,0.269165647398287,-0.296756911076961,0.0169991657929227,0.172124277941068,0.00922031230730291
71,11,2011,0.12880608189069,-0.411096700338919,-0.12509449517407,0.275354294784606,-0.283167247588358
72,12,2011,0.163039499891848,-0.436796732826951,-0.141080306333356,0.445860398688885,-0.139684029397384
73,1,2012,0.8607136118112,0.120943397620149,0.553205060268928,0.236631870608927,2.93402752927688
74,2,2012,1.84002975647249,0.567002141690289,0.624455829945494,-0.08856478977871,0.330225075804574
75,3,2012,0.409273836903171,0.489456021641295,0.502404688457358,-0.0982750711197128,0.0140134609747322
76,4,2012,0.796055814429631,0.725899226111937,0.401772155143947,0.219507070447704,0.037252280942226
77,5,2012,0.182264598317972,0.377015792209161,0.230707544505242,0.226418835407816,0.266040071800459
78,6,2012,-0.118222249125062,-0.151374509604431,0.0545417931022374,-0.201396814276661,0.159227186860216
79,7,2012,0.092423510509092,-0.211448990671538,0.0218094491056,-0.0318201193030422,0.354373062068827
80,8,2012,-0.163832040402779,-0.506247459911077,0.0640543143845784,-0.401645207671428,0.0177494653813681
81,9,2012,-0.232013915267192,-0.57159804642009,-0.0653824572795393,-0.434180139733951,0.316120801112415
82,10,2012,-0.261648593028442,-0.59262276063997,0.0159889459908684,-0.490084023787978,0.543385467063253
83,11,2012,-0.0554250598960556,-0.445483851569386,0.178998324733423,-0.283044115230881,0.464398686233048
84,12,2012,0.350267242267669,-0.25737259722024,0.228608413337369,0.0389648364590713,0.390943747960118
85,1,2013,0.718863173552434,0.0284119801811931,0.705352005446065,-0.276932019293096,0.725946186889061
86,2,2013,1.30757108424678,0.575348695796986,0.221947848363532,-0.276133596798558,-0.0375716687032842
87,3,2013,0.357407931531298,0.525765261154805,0.0559742446664593,-0.109772497900649,-0.12816976064061
88,4,2013,0.164352288147843,0.126936389716183,-0.0411150056513386,-0.173639818532481,-0.173689437975496
89,5,2013,-0.203925765377418,-0.160724303799949,-0.0811849111492176,-0.482062412165878,-0.304492764368662
90,6,2013,0.0827429146281344,0.0240111070816704,0.142553025212224,0.130256387518608,-0.0837594829570002
91,7,2013,-0.0889425990416643,-0.375151830825509,0.0121956254127162,-0.00848064340213173,0.014003373660852
92,8,2013,-0.0630885988436884,-0.458329578578787,0.00082944666268836,0.0670237591938436,0.00197782024235571
93,9,2013,0.0998586226092704,-0.360707467419201,-0.0724542307091419,-0.169887238612234,-0.0501306442160121
94,10,2013,-0.168129470649295,-0.533079425842585,-0.014624146477373,-0.170913535263187,-0.00097693602673754
95,11,2013,-0.224972788128171,-0.576152310758449,0.0168719107934032,-0.164527920069565,0.460042872931639
96,12,2013,-0.190408425649717,-0.534572197754872,0.10649335951694,0.277644696787751,0.441291328316178
97,1,2014,0.369494074242916,-0.164260126881165,0.63353653715081,0.245716425187807,0.828437956035735
98,2,2014,1.30356648538352,0.315109261312393,0.189095450169223,-0.126234598583832,-0.181606378414264
99,3,2014,-0.283218716043428,-0.362661104410599,-0.301897616791787,0.0222780047068543,-0.161152906898999
100,4,2014,-0.122292182138958,-0.194790503861634,0.12503447782171,0.0156669101465396,-0.195369187532463
101,5,2014,0.0292168933643577,0.0579253416475867,0.0758057355379553,-0.163036343845809,-0.277387553645155
102,6,2014,0.161853722923641,0.104809857397486,-0.10569858456694,-0.218999686251979,-0.139922679736027
103,7,2014,-0.131496499887335,-0.385149171670439,-0.162322398554688,-0.0859913607162236,0.0685834031056454
104,8,2014,0.166515265079957,-0.313930852490355,0.035795650901262,0.0389646971841608,0.05658601026975
105,9,2014,-0.00789686868673289,-0.408901280280505,-0.113079015726392,-0.113053544174657,0.300525877821065
106,10,2014,-0.0113491951283329,-0.437813060614341,-0.0319138476957387,-0.135473270302742,0.435667317563871
107,11,2014,0.14407162512401,-0.341720741799879,-0.0207239968926644,-0.541810020700349,0.714743433735698
108,12,2014,0.904394930788404,0.187772132799183,0.900701595091467,-0.542346446529548,1.40127979416933
109,1,2015,1.97970640855487,0.691459285841708,1.34877122878208,-0.69416986182578,1.19083641106145
110,2,2015,3.35182046505008,1.79680420536416,0.893710809572602,-0.66409793665827,0.366288676004762
111,3,2015,0.300545865302584,0.613593365600888,-0.184869558911458,-0.37452504282282,0.0269201784720623
112,4,2015,-0.42438259292422,-0.379788955381713,-0.535996355416524,-0.372244879200969,0.135902721587319
113,5,2015,-0.486483350851511,-0.417023208161581,-0.424225212865395,-0.301346158555589,0.369512190396581
114,6,2015,-0.0967163768656081,-0.17057864162704,-0.384177264224873,-0.160372450920668,0.0760296761987631
115,7,2015,0.0396704410152149,-0.253705435041023,-0.280897828374888,-0.0678068840178622,0.326405368674714
116,8,2015,0.474589283769813,-0.140538203163358,0.0748881316092296,0.301033185721495,0.598984670907864
117,9,2015,0.381424170308864,-0.20807857433569,-0.00451188715960438,-0.351503100871557,0.380550258783121
118,10,2015,0.0417382118486338,-0.407244542814181,-0.028905771524758,-0.40125835319335,0.715729921394659
119,11,2015,0.411114203982271,-0.167084579102555,0.303137418340546,-0.178801867399772,1.05027392408105
120,12,2015,0.740689785591042,-0.00793311005891439,0.789356626343814,-0.511396040540456,1.34995479977204
121,1,2016,1.21382108619721,0.415305938415269,0.651739481358688,-0.690802877451285,0.126796528268712
122,2,2016,-0.433549864429939,-0.820385214142735,-0.148243046060674,-0.17884067879808,-0.181341075663486
123,3,2016,-0.423969362110995,-0.576137207692778,-0.542723744081321,-0.356659849308175,-0.165612168492116
124,4,2016,-0.680905164747272,-0.740219711197002,-0.660783506257238,0.0920817804112088,-0.165969731361572
125,5,2016,-0.171253724235054,-0.167609152175204,-0.25321356092194,0.317139806138641,-0.20646995975338
126,6,2016,-0.062316599351513,-0.158139288569282,-0.443007134267811,-0.0825720480866895,-0.196387884779088
127,7,2016,0.180581646299754,-0.172482924998102,-0.200043366802503,0.346304038004367,0.0223457525696606
128,8,2016,-0.0209256806210742,-0.414925597890091,-0.0822908118706162,-0.226520307806996,0.227065000129851
129,9,2016,0.0339854415675076,-0.387059567447823,-0.0523722462091216,-0.301595478318865,0.495337764886417
130,10,2016,0.15038250259103,-0.346669749123766,-0.0271801960909829,-0.309047321890644,0.595762533327933
131,11,2016,0.0590277787859947,-0.38449460385648,0.167246071849255,-0.481279502107458,0.965405912796103
132,12,2016,0.750919066420591,-0.0428424471912919,0.895976482532596,-0.280745593548706,2.50677886874741
133,1,2017,2.16410574100814,1.01249679916057,2.03307271387774,-0.428741798948494,3.45180112788118
134,2,2017,3.86932517769898,2.10916207762148,1.34524482409141,-0.0709518744696648,0.475614782116532
135,3,2017,0.301595133818352,0.335962541785288,0.614793950281963,-0.0922848575481032,0.0621327950557813
136,4,2017,0.414321295483259,0.370394246712252,0.354402542807839,-0.0197934528471357,0.0202504015067884
137,5,2017,-0.393365731525435,-0.299025764278748,0.215130668114459,-0.00720525645261039,0.0326672212326891
138,6,2017,-0.328689019194524,-0.348260263855687,-0.00554455274673427,-0.245828385897453,0.169369591265735
139,7,2017,0.00537490271901819,-0.261988984139992,-0.00559450505922132,-0.176802202870047,0.225413133545798
140,8,2017,-0.177867199458096,-0.505396231299478,-0.0657070546434483,-0.383946959809747,0.285586057252516
141,9,2017,-0.371862629391689,-0.611749717959163,-0.0190076519519161,-0.356575795193774,0.45872745299281
142,10,2017,-0.0481782247162496,-0.420483362246024,0.0883639043303819,-0.620242916403946,0.514047875543463
143,11,2017,0.041010615131623,-0.382455929284953,0.197141574757128,-0.331742621927557,0.911774331578382
144,12,2017,0.697937236915007,-0.0658395865297161,0.345930000929973,-0.273643111825171,1.23868370166456
145,1,2018,0.576284722864279,0.0326988346050938,0.849028110437356,-0.225914563565887,1.00597105439673
146,2,2018,1.51450469994089,0.477136136888883,0.332943634654227,-0.0596304739890271,-0.143719066467576
147,3,2018,-0.0863762192313193,-0.103806947961386,-0.175781499738195,-0.170645629230672,-0.158500131307784
148,4,2018,0.344202672375542,0.227669204528924,0.154505396597806,0.116689851378151,-0.16183623380025
149,5,2018,-0.190787518528818,-0.17352600231519,0.0635788583059416,-0.0302333329512422,-0.200914001631879
150,6,2018,-0.16867789942229,-0.206606238179151,0.0997382398916022,0.00322679860996744,-0.125899461198594
151,7,2018,0.0537158478527522,-0.239829617869187,0.0126972498625564,-0.0497408176580743,-0.0413856447367421
152,8,2018,-0.158372572070718,-0.490006838062979,0.193669972037947,0.15413041744589,-0.0784660341454227
153,9,2018,0.201418659434052,-0.28076117935934,0.179817133794395,0.603043576289789,0.0806121743050761
154,10,2018,-0.0329943711794793,-0.453092245643466,0.157322738021011,0.250517350039006,0.111339137720586
155,11,2018,-0.050250664300304,-0.468533761914634,0.016351564364375,0.439158053159495,-0.128725190540794
156,12,2018,0.119212956146999,-0.398936749812678,-0.110034787615901,0.344599241069386,-0.314949100878023
157,1,2019,-0.564858223794183,-0.778763418438225,-0.448039159470676,0.415527186062606,-0.927909169874769
158,2,2019,-0.123496427425933,-0.544358819004741,0.126397561205223,0.477056950766065,-0.144576334255569
159,3,2019,0.499175247692722,0.545221470657496,0.850378597760198,0.132923409616971,-0.13124432835361
160,4,2019,0.214985891721803,0.0940858180778303,0.411972830163589,-0.0448172679605227,-0.163422470467669
161,5,2019,-0.244178647077058,-0.151604103151175,0.212462370206013,0.294937280839759,-0.239336330456501
162,6,2019,-0.0855599387968409,-0.0994127103199157,0.0541633837619913,-0.175695607075378,-0.265098914878739
163,7,2019,-0.28557950441306,-0.492271317444302,-0.0717183201129881,-0.0254084915997664,-0.310072519167136
164,8,2019,-0.145302494860647,-0.497574315503312,0.218296490991363,1.25249708549523,-0.340421642444927
165,9,2019,-0.284477672282819,-0.572970849079821,0.0436179729523816,0.253966388890554,-0.650991892170827
166,10,2019,-0.460106959302048,-0.711637878133936,-0.0410456613962888,0.210348487027235,-0.62928169925795
167,11,2019,-0.418203113845311,-0.712138223421,-0.361240722129161,-0.28706489546051,-0.584864761055246
168,12,2019,-0.491208593161157,-0.733105233625241,-0.410664385205672,0.250599240414472,-0.689361104858251
169,1,2020,-0.765749567513629,-0.949970516533001,-0.720544152912252,0.190477171030075,-1.1019065443743
170,2,2020,-1.03108314208675,-0.990168382949752,-0.351763985965472,0.0321002969481328,-0.231000828792268
171,3,2020,-0.0624326957532257,-0.0713714388527217,-0.0236768958007383,0.039927925065889,-0.162690916899879
172,4,2020,-0.170036022291203,-0.263154861048472,-0.689248381876939,-0.333865307542432,-0.238821741805683
173,5,2020,0.0377631818502724,-0.0109097677686607,-0.470430704684538,-0.150064390924703,-0.398035943568602
174,6,2020,-0.0422849600575185,-0.161378091593021,-0.27272617895126,0.24719336909454,-0.176584520270262
175,7,2020,0.085305746109601,-0.246122022865256,-0.0178459323870842,0.366369468895725,-0.166648526717375
176,8,2020,0.244656493052363,-0.284847141171157,-0.0201838885742421,0.069423666008595,-0.158900061477411
177,9,2020,0.107622237829952,-0.365252430458196,-0.0435297879386042,0.108369902896744,-0.00770325618154055
178,10,2020,0.149648346445424,-0.363421945149724,0.175842404448273,0.234486531548799,0.206060401469497
179,11,2020,0.23689201291988,-0.304162139239563,0.00704278673100589,-0.263602150977921,0.264593862203781
180,12,2020,0.286888545451018,-0.296597896433651,0.35050496844057,-0.393780431753886,0.932439437504428
181,1,2021,1.72128827754484,0.726492583187164,1.08831125202823,-0.514774464240517,0.44037611789371
182,2,2021,0.52410366151694,0.00384147942300483,0.143765614060556,-0.121996058378461,-0.189583155145434
183,3,2021,-0.0860479608218622,-0.0424984541633545,-0.289005575256022,-0.33193344013131,-0.170581281381847
184,4,2021,-0.388362980133725,-0.418242143206714,-0.820787878094608,-0.507429300951853,-0.256700185202621
185,5,2021,-0.258521010381781,-0.212356121163267,-0.453597355966146,-0.477138911997382,-0.446176176098269
186,6,2021,-0.105852442601977,-0.1924497764343,-0.318065023185611,0.395446542028404,-0.221076683589705
187,7,2021,0.113567069557106,-0.221165058129747,0.0501675474105172,0.69648002623218,-0.190995346734282
188,8,2021,0.333528428452014,-0.25233579849231,-0.0192209130898946,0.26427521214359,-0.204252893367647
189,9,2021,-0.0043701023957432,-0.443824751826318,-0.0826840912826747,-0.206401879171884,-0.220981999829891
190,10,2021,0.139712628059038,-0.368303154303591,0.00898314270563683,-0.166091990085227,0.331936999301694
191,11,2021,0.0575384398524994,-0.399621398532612,0.31936222033525,-0.272851387616275,0.282566427842894
192,12,2021,0.0463420196699835,-0.375469846318578,0.123389301911068,0.082169347314478,-0.354018768074434
193,1,2022,-0.645489394228282,-0.867086423994209,-0.456354730785941,0.198932505556927,-1.08186080637018
194,2,2022,-1.89047388025879,-1.53135086514004,-0.152902556183545,0.661724719010828,-0.235665606194218
195,3,2022,-0.509439727514471,-0.620053652050816,0.774034668823259,0.204180307860442,-0.158844536592391
196,4,2022,-0.202425081039388,-0.220482653017956,0.35832179354363,0.0741405609570447,-0.20121534421353
197,5,2022,0.250223794044449,0.421176985524786,0.114844713276721,-0.32183410488259,-0.422515806267217
198,6,2022,-0.263590473295841,-0.300487147811295,0.14812019154411,-0.133353648016877,-0.250273490186955
199,7,2022,-0.0402937007117058,-0.318741962867581,-0.109574457655233,-0.0417646266285634,-0.517259965057875
200,8,2022,-0.191411422030104,-0.533568766587383,0.0239931721195152,0.619842282093709,-0.58031201162203
201,9,2022,-0.182950159441575,-0.566388149205901,0.1019469565289,0.226704132603911,-0.480289292485386
202,10,2022,-0.0738654212130092,-0.517198921282028,-0.246393308443964,-0.136393290243765,-0.633129265124922
203,11,2022,-0.298249457551639,-0.651562906115284,-0.426977396827587,-0.408210237826564,-0.628876375917551
204,12,2022,-0.550231326827803,-0.736694734780998,-0.282439405808788,0.59280054071002,-0.59971961851694
205,1,2023,-0.606907609627614,-0.866245327513533,-0.503490337547676,0.46838162316146,-1.10448623322864
206,2,2023,-2.0444758146225,-1.62914336004138,-0.551900526030068,0.356370696165317,-0.252657915305732
207,3,2023,-0.675347640613906,-0.883364997951737,-0.798807232695699,0.372665452924861,-0.156772731288207
208,4,2023,-0.201465121466009,-0.0999873235157379,0.432092239758303,0.462547687129838,-0.119192356516898
209,5,2023,0.140041306638355,0.218479047480354,0.25577328542127,0.551918639462238,-0.212004858550181
210,6,2023,-0.14783585721363,-0.190789565917924,0.0973058821633683,-0.119870756597908,-0.229566812106784
211,7,2023,0.0974181230859479,-0.219289025598506,-0.0501129856715142,-0.0700365284332051,-0.256651977265715
212,8,2023,-0.0172902807154744,-0.431339485256841,0.0743911234001018,0.743539417544197,-0.203712293915055
213,9,2023,0.270491764810219,-0.293713037019709,0.189759726659451,0.832042428507091,-0.429102530459738
214,10,2023,0.326767653473676,-0.287409981438678,0.386530268515376,1.78651989682332,-0.522791060849547
215,11,2023,-0.0841100760395492,-0.538138549853674,-0.214442113594589,0.64816466590492,-0.612466101532636
216,12,2023,-0.566725262952964,-0.787893227956797,-0.527263849996843,0.160265027598603,-0.81490348257025
217,1,2024,-0.98758199621048,-1.07208786028326,-0.86310281121246,0.384100264664324,-1.17620922766454
218,2,2024,-1.6098023466175,-1.45199164622464,-0.300396892227805,0.395652418552969,-0.260673777720628
219,3,2024,-0.361915356603176,-0.502046255705459,0.921086319367415,0.806146560338586,-0.14585496664962
220,4,2024,0.226965088104015,0.114055874659087,0.854570495556833,0.342233145942532,-0.176626319740344
221,5,2024,0.114513516161704,0.145755323969862,0.0564734855852809,0.311012221807358,-0.362214123528105
222,6,2024,0.139161142997415,0.0725769007353614,0.0801409467996994,0.00381306381578717,-0.294983070692865
223,7,2024,-0.161925717861832,-0.424582337701455,-0.00422634171543501,0.253959469387181,-0.352780147984517
224,8,2024,-0.0486707637743168,-0.447771006277774,0.214436859763219,1.04858518814566,-0.379465589602942
225,9,2024,0.3271996793421,-0.28024947730483,0.109247250519866,0.215358398085151,-0.563448944799946
226,10,2024,-0.268792081879187,-0.607685397917242,-0.0886754731436898,-0.124023891146121,-0.501863694302459
227,11,2024,-0.309006255464748,-0.649823333735141,-0.192582875817784,-0.268618700871418,-0.464991703588986
228,12,2024,-0.237196761094147,-0.571840346228109,-0.142525347097846,0.380702830476944,-0.362853095682023
229,1,2025,-0.425900975638692,-0.756899712390069,-0.432233376289254,0.135274108605569,-1.03971709746346
230,2,2025,-2.01565827144728,-1.61802807361042,-0.471180651335553,0.280992018363394,-0.255384133741736
231,3,2025,-0.461774795402141,-0.543885705027644,-0.145693482230731,-0.0320382609708821,-0.169039504188877
232,4,2025,-0.441740275567828,-0.441757956641825,-0.42955325800878,-0.306459438809665,-0.245379718189337
233,5,2025,-0.307399962405421,-0.339514847242611,-0.347457950748558,0.124918895173195,-0.442408842519314
234,6,2025,0.225296930225785,0.146207686858161,-0.0752638553208169,0.158148954424084,-0.260796717336201
235,7,2025,-0.0663349228925201,-0.364197373460322,-0.101395142266215,-0.00920944451600492,-0.330721055174224
236,8,2025,0.0711475005744369,-0.397016659622991,-0.0533160656344065,0.23254087388118,-0.371210374959689
237,9,2025,-0.157264411979824,-0.538090617628445,-0.0207271567972231,0.51035641484556,-0.485216659321038
238,10,2025,0.0179790862902975,-0.455470883047659,0.254314011976032,1.72455149488206,-0.461848234443711
239,11,2025,0.32338864825542,-0.323497828835441,0.0620984526813266,1.5788821740124,-0.555964059930249
240,12,2025,-0.501688747693871,-0.776925569164907,-0.522143895824378,-0.0235120081893561,-0.827130211683144
241,1,2026,-0.89680419100215,-1.01230428440565,-0.642184179134498,0.690306906990798,-0.901775464724125
242,2,2026,0.0923767686245482,-0.176022909276983,0.262986969150806,0.348153908769506,0.0381170103248702
243,3,2026,0.467004002473952,0.74774853774967,0.548655042903289,-0.123272623702082,0.0522776364863056
244,4,2026,0.129571669687444,0.0839282933539076,-0.25072011226917,-0.0377585473226463,0.147689519790307
245,5,2026,0.244541425623167,0.351385091692482,-0.00436110402002299,0.415118393601806,0.292301986263361
246,6,2026,-0.208372066319022,-0.278730981042605,-0.0815744091929911,-0.333827631854308,-0.0683663497947172
247,7,2026,-0.183458491765138,-0.402180061403124,-0.143446455683651,-0.0164477112104877,0.145933586815798
248,8,2026,0.0510890005339535,-0.371731671595515,0.0580049214323037,-0.0685175600336828,0.165105753630769
249,9,2026,-0.177345332383497,-0.520103239629652,-0.0157468494002539,0.255085388916686,0.0932607680998689
250,10,2026,-0.0072128371968363,-0.452536171598574,0.20091955179547,0.964871544176276,0.353479612219625
251,11,2026,0.312996645559826,-0.252801426584678,0.28411794470626,1.55894024803978,0.757912148013531
252,12,2026,0.647397433117005,-0.168621400128847,0.626572848907657,1.7607149329735,0.693723938063399
253,1,2027,1.29130158772331,0.351408763046636,0.613162228581256,-0.203100867466413,1.02019169621317
254,2,2027,1.86124873523225,1.01295415819387,0.491424962125245,0.281616423056598,0.124976031967587
255,3,2027,0.431105213447749,0.669304274285539,0.951455908718221,-0.0208873997425668,-0.0460109898905882
256,4,2027,0.0835360370856246,0.0931193087510815,0.532333114622149,-0.0346554744337644,-0.0762019195467104
257,5,2027,0.169596968578291,0.447928461288457,0.322068466728402,0.363131100498047,-0.0924666774980699
258,6,2027,-0.339160875058015,-0.369038953709318,0.108914105986908,-0.371932853766328,-0.166820934501742
259,7,2027,-0.257323670855058,-0.45002774615729,-0.178661003575958,-0.204028640902541,-0.179730837074919
260,8,2027,-0.113149269216939,-0.474867350795993,0.175250685330979,-0.120904853648501,0.0352954855562166
261,9,2027,-0.585708973192836,-0.761388950254448,0.119741131287065,0.116820680437273,-0.0138107424936978
262,10,2027,-0.163690809589904,-0.509707600129345,0.220418883665835,0.0928967382788326,0.257957638590235
263,11,2027,-0.0373687151334484,-0.414981938692938,0.236082523234222,-0.29115264948322,-0.0560203251168911
264,12,2027,0.198349678206568,-0.340871340982316,0.0468955518131076,0.0459398437942689,-0.403863297566115
265,1,2028,-0.559828601083465,-0.815808794690838,-0.51294809926395,0.143895939756239,-1.0634774981668
266,2,2028,-2.03547230384289,-1.62395874935776,-0.270635047634696,0.684727418937849,-0.223017590600068
267,3,2028,-0.666885795705224,-0.873477506640886,0.71213773533007,0.161989648147314,-0.154037420496939
268,4,2028,-0.407283624648404,-0.375048410090495,0.578688455814761,0.174547131285014,-0.190238278546079
269,5,2028,-0.196662207932475,-0.0996499166393956,0.417132827221315,0.715748161065581,-0.206266651283613
270,6,2028,-0.205977201936504,-0.237084416573904,0.0669832431889827,-0.252496529223962,-0.239061565497572
271,7,2028,0.0428810382107661,-0.262669848723899,0.0151341592879206,0.138970255444501,-0.285590619845558
272,8,2028,-0.116891970139721,-0.494492839863165,0.143448398131222,0.479593588748755,-0.42986344790262
273,9,2028,-0.624349254524317,-0.807208397906574,-0.137924790293859,0.157013293105233,-0.594428374861378
274,10,2028,-0.13364117901761,-0.536295967283001,0.125222740618437,0.755925087629927,-0.413699082227334
275,11,2028,-0.00731148442647422,-0.452934485143914,0.0302695543705445,0.886618040704862,-0.513984214450372
276,12,2028,-0.262495409211428,-0.6156474708836,-0.384024884989655,0.318761218249557,-0.698835183732004
277,1,2029,-0.356265241331125,-0.660962267643955,-0.208332962061221,0.225512995913626,-0.325098987450314
278,2,2029,-0.41321450718049,-0.721114034763097,-0.317737414109963,-0.100443438434867,-0.24349377574123
279,3,2029,-0.624183201281659,-0.800163874535893,-0.909147396683483,-0.209897046644533,-0.168761332857315
280,4,2029,-0.582380199683524,-0.614032418271263,-0.470453867028696,-0.280032397348085,-0.244099278855934
281,5,2029,-0.437241046176458,-0.490975445812861,-0.294973834808881,-0.0900573884732649,-0.428713986239701
282,6,2029,-0.0272820532810814,-0.0932787977237489,-0.330503924482338,0.466117809200206,-0.248587911261939
283,7,2029,0.281283119391249,-0.0983606015889089,-0.00878312505119716,0.411836493104289,-0.152461661833
284,8,2029,0.0306996313519419,-0.410932898112217,0.051306788646708,0.275681561858295,-0.14456371574833
285,9,2029,0.290438234909853,-0.290908502263339,-0.0832065224207795,0.0327504064852215,-0.278272828263941
286,10,2029,-0.0264909009997917,-0.4721153571557,0.224718938465068,0.000205195458565122,-0.0678082645369363
287,11,2029,-0.131282822577021,-0.544963870028107,-0.0875555199372807,-0.36065843814862,-0.0609868534185827
288,12,2029,0.0914890939241808,-0.430831435905844,0.13016781095317,0.273811271424166,-0.109030378492769
289,1,2030,-0.0890451160297837,-0.551064759621568,-0.0383600241278902,0.301817948278379,-0.650500110536775
290,2,2030,-1.82517842938186,-1.54606253489123,-0.443999421674124,0.273942085089241,-0.239139521627249
291,3,2030,-0.561481612793221,-0.72608116143794,0.403172104669445,0.22492358562166,-0.161148163847831
292,4,2030,-0.548184982378227,-0.610699593923307,0.163340855766367,-0.365600484769993,-0.246578376124011
293,5,2030,-0.430084166088682,-0.486979730406207,-0.139332507566238,-0.107098679546983,-0.411930480525745
294,6,2030,0.285933934155709,0.207955997812339,0.246849040549499,0.0280979881397849,-0.215984475566
295,7,2030,0.000298997887920205,-0.311982497291907,0.124881086306391,0.122664690084319,-0.334587720902233
296,8,2030,-0.102298192896557,-0.491387844100043,-0.0437621014416713,-0.0707268314936692,-0.478876798201366
297,9,2030,-0.132996091183043,-0.537221100397786,-0.177421734822029,0.565732616951955,-0.659517404446317
298,10,2030,-0.0295702569111584,-0.478537662995248,0.265406230279859,0.961958554885386,-0.526594394587589
299,11,2030,-0.08035874028784,-0.509499910797941,-0.192444629136448,-0.0500163052638053,-0.550579054324958
300,12,2030,-0.531156268912914,-0.747988540919938,-0.418211186130469,0.343803872335045,-0.763529050332102
301,1,2031,-1.01929401975898,-1.09247913719709,-0.811136901446713,0.497814247781156,-1.14080886855015
302,2,2031,-2.03969139382201,-1.62438069377252,-0.471012083269905,0.314578247866381,-0.247306895368389
303,3,2031,-0.571457084738029,-0.697956336997354,0.422948707259995,0.256456288434462,-0.156448301283861
304,4,2031,-0.121115500736806,-0.00706160697636571,0.138131308555421,-0.175919510926955,-0.228884539746006
305,5,2031,-0.274436448148512,-0.182349115005548,-0.0502644599307892,-0.39059095093096,-0.42341661215632
306,6,2031,0.0444429870874035,0.0300943618353238,0.267611917111979,0.105679629193084,-0.248110922054589
307,7,2031,-0.156102203473607,-0.405962833072648,0.163621245638319,0.242291611375323,-0.348461772703524
308,8,2031,-0.116164072603955,-0.498402987665367,0.124877143906584,0.523476514666302,-0.451716825394831
309,9,2031,-0.578445700284376,-0.766011740692847,0.286508944134132,0.892062297915249,-0.551471101135404
310,10,2031,-0.327101504016944,-0.628865076007381,0.0351800753932132,-0.0053098738942573,-0.611113062931769
311,11,2031,-0.220840724262213,-0.594259553853993,-0.397267179362062,0.132003985526653,-0.654433752845515
312,12,2031,-0.739377726361188,-0.852730161357258,-0.564613551814786,0.227829573289488,-0.815556840461696
313,1,2032,-0.442768290242549,-0.723672335081368,-0.304774585089233,0.587946897630585,-0.602634186127511
314,2,2032,0.211315765533858,-0.24890106116465,-0.0491772437703005,0.507471003955886,-0.214586856972458
315,3,2032,-0.167591528925727,-0.186994181391778,-0.0636662617969289,0.160705300014555,-0.161965535714295
316,4,2032,0.228853006665665,0.169239470403371,0.199141839721251,0.169607993487987,-0.183130677650602
317,5,2032,0.574863644037676,0.684848804994495,0.115337460536155,0.0287788956225692,-0.269795505232931
318,6,2032,-0.111675609707906,-0.184720781336231,0.445303966396857,0.217734337984945,-0.215567010363266
319,7,2032,-0.0880920267377499,-0.34932881317586,0.18844606314998,0.219465058737009,-0.287539840609417
320,8,2032,0.0908397733885404,-0.376996442505344,0.223234081671642,0.644347147455646,-0.408782721306949
321,9,2032,-0.322735480012603,-0.63258103903218,-0.0284744186191199,0.778287725652345,-0.655347400918263
322,10,2032,0.0154829449113383,-0.451423299893346,0.076131609720425,0.312537954745927,-0.614668599304497
323,11,2032,-0.224630121584293,-0.612707923477344,-0.393940096991643,-0.0233449139837371,-0.636263252403575
324,12,2032,-0.488306114605827,-0.736776600598268,-0.40374172354375,0.689242124776292,-0.755156113609717
325,1,2033,-0.850253943913793,-1.00117099804167,-0.759621028966356,0.249727829964709,-1.16602677505996
326,2,2033,-2.0069181367854,-1.61490367792351,-0.613875239380807,0.228983140304472,-0.262742437782148
327,3,2033,-0.657787919371361,-0.857643768129913,-0.210960851084611,0.304826627383591,-0.169263479685013
328,4,2033,-0.587443174872037,-0.540955351116962,0.111269479052343,0.00324167599525316,-0.230258510149688
329,5,2033,0.465349163010075,0.594592062846907,-0.0977443484932734,0.24094446514699,-0.353363234042228
330,6,2033,0.0491542679524544,-0.0492693517122964,0.0777848872159208,0.118244891979857,-0.211483912014273
331,7,2033,0.239808344086149,-0.143736551191978,0.0586180651358181,0.308625408272129,-0.300088837287182
332,8,2033,0.0964733722849356,-0.377720495730746,0.13569174675832,0.853203576409335,-0.373411327676473
333,9,2033,0.173053819131946,-0.355950114324572,0.0644995214557067,0.451923788141523,-0.38564000127491
334,10,2033,0.190400553257025,-0.334418148917101,-0.00703392437570782,0.445283916255655,-0.195944174952712
335,11,2033,-0.0700378936071725,-0.504778721081989,-0.206295853409153,0.0976188991769884,-0.0316186605584915
336,12,2033,-0.247880777927476,-0.624014088097957,-0.19381184766416,0.138960235977445,-0.280126173879638
337,1,2034,-0.785935139536244,-0.974686997551234,-0.568390655295005,0.531909983863291,-1.11261600077247
338,2,2034,-1.83849185043584,-1.5067923666043,-0.259008046616581,0.284102067346665,-0.257376749151483
339,3,2034,-0.385877088348048,-0.430522045156551,-0.483395228552967,-0.153447382653531,-0.170337540248605
340,4,2034,0.145521116828467,0.122577470185963,-0.423066403286566,0.281471164000664,-0.205921036456774
341,5,2034,-0.0314882350514637,-0.0476285030277047,0.289529922490541,0.878582941075372,-0.246887484478601
342,6,2034,-0.251235045184915,-0.295272470621894,-0.0693710121267018,-0.200741940860766,-0.244985104842272
343,7,2034,-0.0819702768254911,-0.332502337804055,-0.0869221782593448,-0.0346496511081977,-0.235922095299839
344,8,2034,-0.159645510661501,-0.493905558244639,0.197051023325346,0.467093192201901,-0.120006178543743
345,9,2034,-0.509934877308073,-0.715306457943268,-0.013278384957309,-0.0661647924070489,-0.246713305213296
346,10,2034,-0.185399104846778,-0.563209976073269,-0.0139417676807293,0.638484881525282,-0.0542827599875776
347,11,2034,0.119924595291765,-0.390286597928312,0.421688218195129,1.58480320001622,0.403154398471381
348,12,2034,0.482544008787597,-0.274782660296001,0.138393905379522,0.676194764835859,0.757524147373119
349,1,2035,0.151691678478749,-0.394104203917895,0.397296070564237,0.0453185841015231,1.49709842678019
350,2,2035,1.3971896298498,0.500910823831548,0.456107068443208,0.118445207068256,0.226684473193375
351,3,2035,0.023748235636319,0.11478205826201,-0.00918202556829972,-0.249839744216178,0.0167950139765805
352,4,2035,0.17103327951998,0.0880635642473766,0.103067132441307,-0.0653790952806963,0.283756733504755
353,5,2035,-0.228068759714528,-0.152077340708866,0.138395225309974,0.286405870619372,0.292663119836149
354,6,2035,-0.276177078901705,-0.265100091525258,0.0943257975804612,0.0141372739257013,0.0224678078847593
355,7,2035,0.00990811788117818,-0.234372485661495,0.111808423841786,-0.0622647705473802,0.362959561111326
356,8,2035,-0.106124895449715,-0.457464461161228,0.255009348665616,0.0597394711681318,0.107963044735971
357,9,2035,0.141825550508411,-0.316828276272425,0.23224297808675,0.260725524279541,-0.130832968562136
358,10,2035,-0.10768961081919,-0.506339020576456,0.113739936084471,0.0544692466419157,-0.116274430547168
359,11,2035,-0.0499408808222354,-0.491908264875327,0.0862018824773092,0.688655860766958,-0.175810163865292
360,12,2035,0.0884176637764704,-0.471475630327813,-0.110444958169736,0.451318033432785,-0.465664262249141
361,1,2036,-0.245382539733023,-0.631690928410951,-0.198867829724853,0.152479864004474,0.124528275986408
362,2,2036,1.29979357283077,0.499082419261035,0.291443349781276,0.195591908308119,0.165652199032124
363,3,2036,0.184538685888142,0.262488206889306,-0.159961020728852,-0.0275799422938943,-0.0447978338524017
364,4,2036,-0.106348272509817,-0.147948506404694,-0.191397234541843,-0.00530151887514096,0.0271123327084402
365,5,2036,-0.306846063532198,-0.262791789642852,-0.233821847688364,-0.0331866650102698,-0.0657305007973259
366,6,2036,0.107100074251678,0.0659353172890182,-0.23820107101003,0.259877387904871,-0.0752831610713534
367,7,2036,-0.0555379855968302,-0.335560865500971,-0.0152393846273168,0.0212622156133095,0.0946439520212516
368,8,2036,0.0893550031571972,-0.353338554619101,0.0650855698109916,0.294099731478373,0.0236791303199213
369,9,2036,-0.0510282203709176,-0.43581718159707,0.126271671219259,0.297782360868866,0.44553523578477
370,10,2036,0.133123055630068,-0.354787361765432,0.372615869803993,1.48934795585432,0.554470059132518
371,11,2036,0.527817301853518,-0.135165948225405,0.297623107515677,2.22303579625354,0.420887272154972
372,12,2036,0.609718303177808,-0.215220963740184,0.268142414948316,0.77236158366633,1.35334444200667
373,1,2037,1.02181028187326,0.203901177286715,1.35999209784752,-0.106671970636742,4.58609491238229
374,2,2037,3.23259283671641,1.30437970082332,0.951235803100153,0.0189775402208492,0.596085417333696
375,3,2037,0.708732128482783,0.94139763178631,1.41935693595676,0.0668521143067986,0.300180997389581
376,4,2037,0.282470700650715,0.3516813797161,0.197312412818165,-0.198491528721047,0.152951692211489
377,5,2037,0.220721725399172,0.475273376487768,-0.0728972190994837,0.372663221297979,0.154212940273391
378,6,2037,-0.16709124553302,-0.236092407243408,0.226230514306501,0.202581040640988,-0.0517192889541497
379,7,2037,-0.110981228503893,-0.365296147209798,0.181736885332036,-0.0193609702874759,0.0787878978393539
380,8,2037,0.102081546232846,-0.357915084406877,0.194201522161753,0.269370145626906,-0.0283851231436024
381,9,2037,-0.405472072318482,-0.643850526407427,0.0322645483374246,-0.144714094233523,0.0135141837382122
382,10,2037,-0.190710162986966,-0.543967176313403,0.140333629515548,0.167942519206257,0.0824224782129686
383,11,2037,0.303588033400028,-0.236376103356185,0.237619379936925,0.812568164188912,0.463779752763606
384,12,2037,0.349079169112865,-0.308038505136608,0.220855638571681,0.535473005410398,0.809118348920943
385,1,2038,0.660588964895608,-0.108340294525576,0.435070302103479,0.183891123612456,-0.141827874035205
386,2,2038,-1.21063262914157,-1.24962701112303,0.0198073611177263,0.564703562191641,-0.210844119028625
387,3,2038,-0.597518051096823,-0.804394602724264,1.44183614112837,0.638289515231278,-0.15044122207332
388,4,2038,-0.574957820539605,-0.559892990877321,1.19480184838001,0.260440802617093,-0.16962335285115
389,5,2038,0.226735770526468,0.434326580076007,0.412727109216419,0.335886053322373,-0.119698001396574
390,6,2038,-0.254580729298397,-0.302910862419546,-0.0895540446185905,-0.36298530835873,-0.211909884956678
391,7,2038,-0.191419038674831,-0.413796973341392,-0.0875400539495658,0.00511008674440872,-0.204311562792939
392,8,2038,0.0604714253978704,-0.380824718010877,0.105620165415036,0.583174904489318,-0.137762084698056
393,9,2038,-0.0943163991286448,-0.476860872841052,0.135014269050337,0.616183504242541,-0.108522793422095
394,10,2038,0.333455163677188,-0.243187778568841,0.414815330864175,1.21827696483088,-0.0360589075080696
395,11,2038,0.255801567247477,-0.314405691400039,0.200143809172498,0.662933395226725,-0.0587858498992325
396,12,2038,0.0621481742811525,-0.49129774771737,-0.074825870878382,-0.0539585668379433,-0.339992278768601
397,1,2039,-0.310437570156365,-0.692882550440381,-0.303844441694601,0.22139154417237,-0.757401573722116
398,2,2039,0.151752587892818,-0.0316953560745762,0.0332918029333931,0.5149540516749,-0.134245972325466
399,3,2039,-0.397692946365321,-0.457119911052012,-0.51407538739635,-0.128863931197808,-0.162987277847606
400,4,2039,-0.454236442490557,-0.448952159764788,-0.0482753920279241,0.0322654167263554,-0.214780266181702
401,5,2039,0.39141930399702,0.474498391140351,-0.0578281465315774,-0.0621442470840677,-0.352247334105305
402,6,2039,-0.0734162902270613,-0.15516107226533,-0.0833509906377364,0.294301537828468,-0.209545887953715
403,7,2039,0.254552822472407,-0.127696286907888,0.130617885188045,0.254876726206623,-0.298884573809119
404,8,2039,-0.134044561595904,-0.499438216631692,-0.0756428764111631,0.295219526305206,-0.400744022728673
405,9,2039,-0.226392160576398,-0.572649431500322,0.103918763994765,0.271528690078946,-0.170348700799622
406,10,2039,-0.0869929940460021,-0.50506692693425,-0.0509237173138612,-0.204179441213963,-0.212002442510814
407,11,2039,-0.27201932474648,-0.626778709906701,-0.289426884628919,-0.419619407086282,-0.294002546152906
408,12,2039,-0.368498076457602,-0.65871037075301,-0.192202778451253,0.249082483509065,-0.29574851017555
409,1,2040,-0.603580167501865,-0.87644753664597,-0.499803020238642,0.4164685561051,-1.02404783583777
410,2,2040,-1.65368578961395,-1.43525742500523,-0.301483195599743,0.366389257396471,-0.2504239815478
411,3,2040,-0.0934947083061681,-0.159133269357917,-0.0437115275180402,-0.0607072330477867,-0.143383101881201
412,4,2040,0.560101675989955,0.362059387172092,-0.160787405831243,0.0775324315689012,-0.116262074414553
413,5,2040,0.0176078771753521,-0.0242097418228566,-0.0329328212749966,0.373429846233545,-0.0888624110691794
414,6,2040,-0.100458189653607,-0.152464367331532,0.0424957889965474,0.0441762464762754,-0.206646058877656
415,7,2040,0.0892326645569268,-0.224077549786558,-0.0502671361190437,0.0523820832612689,-0.294293749959421
416,8,2040,0.0378439748458379,-0.398282093031117,0.326619769693974,0.849530309093387,-0.263010157721727
417,9,2040,0.347024775444304,-0.276760789104069,-0.0355890805580851,0.0251038175764235,-0.489806210139352
418,10,2040,-0.000798947506409742,-0.486992434956216,-0.0255225617497594,0.347804990586739,-0.486333440131069
419,11,2040,0.0471604757195601,-0.467521262819212,-0.00884166089308713,0.686825055687559,-0.507977868125384
420,12,2040,-0.38887981632834,-0.709642927570309,-0.412008522572257,0.230374830279897,-0.778755666890458
421,1,2041,-0.428027300515098,-0.724230076410818,-0.362941729007184,0.73861042153916,-0.847188980865746
422,2,2041,-1.81345241433958,-1.52586768760328,-0.361332390736935,0.468697746856679,-0.242141545723953
423,3,2041,-0.548374908045167,-0.662526882101617,0.613714750199931,0.461227322108777,-0.160861017560031
424,4,2041,-0.215321213249673,-0.165644312554531,0.907212974866804,0.410216408530657,-0.187582903953417
425,5,2041,0.148074945910912,0.288274671355385,0.336132386374299,0.531998300559196,-0.313380989067468
426,6,2041,0.233585570416537,0.193891975463521,0.496031930940729,0.11242469560048,-0.183089305945175
427,7,2041,-0.133093481367672,-0.413010918411385,0.0133916867009005,0.0178152392010444,-0.43079274074253
428,8,2041,-0.15827445355017,-0.522596060661231,0.335635655662291,0.655038513634318,-0.546440014683977
429,9,2041,-0.51663072209939,-0.734529594318653,-0.0161586416948759,0.179783030253383,-0.794441414954148
430,10,2041,-0.38608240069788,-0.689286569428197,-0.173711982746777,0.346295406367088,-0.747371300692318
431,11,2041,-0.263086533442133,-0.638411022987603,-0.248333954600824,0.523192933801628,-0.673071080197406
432,12,2041,-0.65845581990749,-0.825926434073298,-0.530474818865307,0.435505191894937,-0.821734330384789
433,1,2042,-0.671953019662813,-0.912001148651728,-0.640256653860192,0.3036100695668,-1.1197826896659
434,2,2042,-2.00580512672577,-1.61903123626265,-0.490345862664902,0.387662872335216,-0.254458624671057
435,3,2042,-0.611322488620102,-0.774604222770128,0.308031296841798,0.163716954509361,-0.166858536955559
436,4,2042,-0.418685075314916,-0.384723930089747,0.547449999163557,0.29512108216883,-0.172603246706151
437,5,2042,-0.133567553834229,-0.0133519139787636,0.28441532339886,0.128892200280907,-0.302090634111197
438,6,2042,-0.026114420858956,-0.0373575246282901,0.00120148495092121,-0.330490678584094,-0.288146007488907
439,7,2042,-0.20739147570203,-0.442618728812306,-0.0281587853036374,-0.00369634271879171,-0.425963160664433
440,8,2042,-0.0313202896324409,-0.456640135037277,0.165975724997504,0.331320924502516,-0.481971780668567
441,9,2042,-0.642364733300638,-0.801925698509957,-0.00441178901849359,0.753392748891052,-0.756264974716582
442,10,2042,-0.323334684078064,-0.626174620072403,0.0608475604084617,0.948257400990682,-0.733763039093796
443,11,2042,-0.179207143615936,-0.582687409341182,-0.409666027493377,0.303502076668622,-0.679155961392601
444,12,2042,-0.798353857700865,-0.88069828320233,-0.591754059599433,0.336746501024603,-0.836882964471189
445,1,2043,-0.848680570940093,-0.976402056288186,-0.676382349879639,0.5535360545266,-0.97442607591696
446,2,2043,-1.38422212141337,-1.37906162559405,-0.446122457833302,0.0911061088538883,-0.267020627118832
447,3,2043,-0.526827299928892,-0.677446801664853,-0.38006082636478,-0.0842675204689698,-0.176430952820831
448,4,2043,-0.443435726178042,-0.4723348260497,-0.62267088200493,-0.254330280136112,-0.253703980588168
449,5,2043,0.308461131476792,0.326034678457631,-0.311106245086397,0.13914557660978,-0.435886515333527
450,6,2043,-0.0540613218826645,-0.158027499450839,-0.13459424943758,0.313212660649228,-0.272713416323365
451,7,2043,0.04050496034313,-0.275681858194111,0.145664851218192,0.230141251224116,-0.325689603266599
452,8,2043,0.25815267572193,-0.298318475510268,-0.042609530468472,0.430334161086066,-0.363910000865978
453,9,2043,0.249667714890807,-0.331315937713954,0.115536020661761,1.06106681712274,-0.385247512712123
454,10,2043,0.214833998666583,-0.352196892651553,0.368784597173382,1.06370281510084,-0.332365034846791
455,11,2043,0.0904629940171955,-0.455443707614043,-0.197832943908729,0.0662203298592512,-0.432462528538035
456,12,2043,-0.668132909785884,-0.828679082785533,-0.505665210337934,-0.0551397111033705,-0.788530997505102
457,1,2044,-1.01203308663316,-1.08840982230611,-0.820161818650772,0.557600880913923,-1.13930224179478
458,2,2044,-1.79590301208392,-1.50149589192927,0.0836120128544235,1.65654644792831,-0.227059226198793
459,3,2044,-0.238185527756411,-0.332053968693462,1.13422558276141,0.0411159984783722,-0.166163377266603
460,4,2044,-0.213585885087603,-0.250905649613026,-0.402019520207008,-0.290174698347705,-0.246085623805636
461,5,2044,0.275299225440551,0.332297010064213,0.00126034624552518,0.275444952983428,-0.337407164563163
462,6,2044,-0.141297187772193,-0.200062095032677,0.216642521689827,0.0746383075499535,-0.18008056680639
463,7,2044,0.018487677336815,-0.283483078998558,0.116517613799791,0.0570453756291414,-0.149074806052745
464,8,2044,-0.138939293460585,-0.504321561469709,0.250766072741609,0.513209061744523,-0.126214286882167
465,9,2044,-0.176554207727034,-0.564397356885347,0.308443043470842,0.540615215987042,-0.413662424411734
466,10,2044,-0.0227992761295829,-0.484618701440837,0.203929752173162,0.397472435505037,-0.354034540179638
467,11,2044,-0.0735061516253411,-0.507508936031925,0.229664542471912,0.0660549805180632,-0.22512542866475
468,12,2044,-0.216279226711669,-0.598950408521896,-0.110052161495226,-0.0185343052636131,-0.247903541545688
469,1,2045,0.080632937452249,-0.449085511710223,0.13663392535704,0.170677485646996,0.214840657379824
470,2,2045,-0.739640208334892,-0.945367434827369,-0.100546562644992,0.406604557622932,-0.22886002329525
471,3,2045,-0.364444656817417,-0.420578157795279,1.75714165652212,0.75137420581383,-0.150212768722123
472,4,2045,0.00355017337393293,0.0459008506600425,0.441713445221835,-0.119037360092655,-0.233995539839452
473,5,2045,-0.112330521040207,0.0293428812070138,0.440157052256408,0.720133670853753,-0.329226144716032
474,6,2045,-0.0531064782127119,-0.0857642147265331,0.507790448204322,0.113230560503927,-0.270568534112663
475,7,2045,0.0283458896166957,-0.268882421897931,0.0137474302357095,0.100729971220535,-0.393743010861884
476,8,2045,-0.307456397313073,-0.584283783548928,0.0168515702603822,0.166918023571724,-0.338987032823721
477,9,2045,-0.748764712881651,-0.843302772425779,0.0641346621092531,0.325399431340565,-0.568201014575811
478,10,2045,-0.34944792419412,-0.644643861737757,0.0156328914958446,0.192955886162251,-0.622249285455587
479,11,2045,-0.441989292023881,-0.72114955655754,-0.386265572439166,-0.287317479685497,-0.661769386173584
480,12,2045,-0.751107660726024,-0.851520324410231,-0.543127826943903,0.153961712312651,-0.827035149671509
481,1,2046,-0.796776689840648,-0.96973492753719,-0.762876247775093,0.159007075492251,-1.17179456500469
482,2,2046,-2.03676791972326,-1.63283862758976,-0.630767333268094,0.0141149666974927,-0.266449585207252
483,3,2046,-0.670628600209216,-0.874125340801827,-0.992656856285419,0.125687182934407,-0.166113242879244
484,4,2046,-0.130488731266486,-0.0526676807007539,0.0977424762280281,0.75889168806761,-0.147905249618438
485,5,2046,0.249283566912315,0.373513871107305,0.380911499451184,1.24541189399696,-0.108051726506077
486,6,2046,-0.118780002275013,-0.143163794322515,0.0802892572161686,-0.382488968936605,-0.242401909704262
487,7,2046,-0.0027970861787282,-0.273705017419856,-0.104451397713528,-0.10813240595816,-0.358117589416206
488,8,2046,-0.190250443242491,-0.529068145028085,0.163267324453582,0.158804301329893,-0.369693488406509
489,9,2046,-0.195634182304819,-0.533663823931896,0.0628832664324184,0.176075455065985,-0.476201181986392
490,10,2046,-0.199034118406319,-0.564958247229094,-0.13219199583,0.0317768849073972,-0.512623105126115
491,11,2046,-0.135473701052784,-0.555880316800932,-0.172417142942571,0.51392842638299,-0.533225788780091
492,12,2046,-0.48468491904575,-0.734658944583645,-0.467419468742228,0.397884493548778,-0.812476706290668
493,1,2047,-0.993986967597796,-1.06944369414225,-0.76296830468195,0.719997773321806,-1.09720608007845
494,2,2047,-0.114883279828868,-0.599836288480099,-0.111803651831736,0.365033630184287,-0.185828454040045
495,3,2047,-0.0195744544240369,-0.00408972730502555,-0.336662261688045,0.0383290552277229,-0.161283835970337
496,4,2047,-0.0108946937327596,-0.0884985719527942,-0.0847694211340858,0.0760272807941644,-0.187551564588841
497,5,2047,-0.121465149524305,-0.155828800581857,0.229396865258525,0.393706822909555,-0.252037219172432
498,6,2047,-0.0212335330506063,-0.0580190514013417,0.183395152620721,-0.214804938362522,-0.259749866240686
499,7,2047,-0.248131110869841,-0.471692587796379,0.0469512541584984,-0.00447796471892503,-0.476739420082513
500,8,2047,-0.263122619358117,-0.566989062732144,0.305049536821795,0.642016575234851,-0.509461986069899
501,9,2047,-0.661474732490202,-0.824590011106851,0.0717033239508791,-0.0392044106597671,-0.737973789529555
502,10,2047,-0.539203908324258,-0.777719620392159,-0.240929886329869,0.0836588878583135,-0.721784524387945
503,11,2047,-0.514506307457466,-0.769835071878612,-0.490033051947423,-0.140689003777012,-0.685521169763993
504,12,2047,-0.56087219188554,-0.77197172400879,-0.428862544857874,1.00147034138452,-0.772283622549373
505,1,2048,-0.673904683550614,-0.922232304045781,-0.662051314272969,0.727379116654151,-1.15742049573137
506,2,2048,-1.99196697717346,-1.60855419423911,-0.533578943677358,0.367691735713404,-0.258229365845437
507,3,2048,-0.490623534198555,-0.584805284958591,0.700688156012337,0.557037426686433,-0.153119968819779
508,4,2048,0.0799492711053069,0.0938134076190957,0.592565663499146,0.310631808770991,-0.151899120188874
509,5,2048,0.614081912535105,0.828677907318838,0.371345535172194,0.0390686636614175,-0.125133594480084
510,6,2048,-0.281550040609907,-0.32744471579965,0.219249929557312,-0.260580908263126,-0.221757613114738
511,7,2048,-0.242756961885215,-0.452698801943514,0.0127297527582009,-0.0835156036325143,-0.474430636050128
512,8,2048,-0.203050401874196,-0.550681812175577,0.161914883842645,0.915462103997489,-0.552327076643736
513,9,2048,-0.467116055647509,-0.728234174149933,0.344267096335387,0.910335183128055,-0.776486060820771
514,10,2048,-0.282903969068779,-0.616304346077549,0.330307090159669,1.05699675293353,-0.703623873780397
515,11,2048,-0.439503535494845,-0.723567082750797,-0.444501730021381,-0.183812593748522,-0.681656571020423
516,12,2048,-0.855523427068261,-0.898842005270655,-0.576647409331532,0.596628866620849,-0.83370917445331
517,1,2049,-0.682412018734925,-0.90205085678141,-0.622037532818332,0.630382945495375,-1.10478370495173
518,2,2049,-2.0184977306297,-1.61008695936681,-0.384939093673322,0.641175354293863,-0.258042404778565
519,3,2049,-0.626714148660905,-0.798987483250014,0.543951943618223,0.47067691424792,-0.160956973381061
520,4,2049,-0.482928226032195,-0.445532476026341,0.147388278071227,0.194335136866044,-0.191761962382987
521,5,2049,0.527585201203728,0.730901186408427,-0.00421079930580581,0.242997541653067,-0.395273133563116
522,6,2049,-0.077753303178811,-0.154105216952512,0.163582890206145,0.371199303454169,-0.287582453220596
523,7,2049,0.00415747655878351,-0.292375771781259,0.258832597219882,0.321400345228945,-0.308013330684906
524,8,2049,0.156237410057405,-0.354161417451249,0.363600244508045,0.826781921051261,-0.314591882575939
525,9,2049,-0.238898801811689,-0.581279744623957,0.179943479986569,0.474046320156482,-0.507296658734668
526,10,2049,-0.0147651674663428,-0.448656228463289,0.302499093246862,0.688665775694182,-0.486756657843104
527,11,2049,-0.309159383345815,-0.644027319875082,-0.4379136249352,-0.603156423629098,-0.638707731655092
528,12,2049,-0.777836069302868,-0.865231290376541,-0.518933097804466,0.555517481959317,-0.799154691649144
529,1,2050,-0.370401297282651,-0.662931579101194,-0.362392693961023,0.579612230226836,-0.213659220192391
530,2,2050,1.60168979097744,1.06665860688397,0.237402395720584,0.182852290568819,-0.0517939440249541
531,3,2050,-0.219434909384613,-0.181904947272399,-0.335968677161282,0.0936117662692559,-0.162652800399055
532,4,2050,-0.0488364939604745,-0.0832019568567051,-0.383275620782891,-0.107452706421071,-0.21512190451676
533,5,2050,0.402015571099426,0.521845975846917,0.043763272269516,0.264511256378951,-0.247629779650653
534,6,2050,-0.18365493075984,-0.22877649918767,0.328539419679102,-0.011154466945387,-0.171530498056183
535,7,2050,-0.0322895316514187,-0.309360192910826,-0.00182479563978766,-0.152738403688638,-0.0614267008920946
536,8,2050,-0.209582683254751,-0.533346583445287,0.457200066662893,0.103759310501018,-0.0431509382203048
537,9,2050,-0.717778366908583,-0.880548769674454,0.334556969999686,0.134288517628803,-0.336513229612094
538,10,2050,-0.385531707295991,-0.686335287524353,0.0906967790946236,0.386239778861332,-0.40821010475737
539,11,2050,-0.127618348421075,-0.54980510672008,-0.00880782786252965,1.10518753456091,-0.374819316279603
540,12,2050,-0.354110946279448,-0.707816665916946,-0.326378629009363,0.650610586701878,-0.675095901130018
541,1,2051,-0.685669985657847,-0.898862308086038,-0.60768322358446,0.539610193419218,-1.06169535804578
542,2,2051,-1.30512031513578,-1.30106170879518,-0.438123358114386,0.19843482106343,-0.255391438958093
543,3,2051,-0.566825983337513,-0.717153096127768,0.0703386890313766,0.347249343540525,-0.16024567609967
544,4,2051,0.21022505574957,0.14450472117075,0.45742034782969,0.311041742577217,-0.197411724343267
545,5,2051,0.0840491726839006,0.0858169552854917,0.0754027938285375,0.316827391294282,-0.296216662604371
546,6,2051,-0.12973280245719,-0.178779357032954,0.0530514653423657,0.0281214475830367,-0.279517585461175
547,7,2051,-0.0108335891803236,-0.291690760003797,0.0179678250897604,0.0893920801698074,-0.449738926160178
548,8,2051,-0.231229865949618,-0.554059095807243,0.226561665292113,0.367850617291393,-0.538839243476026
549,9,2051,-0.773308773866901,-0.875672962347077,0.0830454644628236,0.440016266901526,-0.716761567366027
550,10,2051,-0.345507471019893,-0.638474790420805,-0.0106886408165038,0.23092787337115,-0.689954103217056
551,11,2051,-0.489524526161628,-0.755114421890633,-0.607630468635307,-0.546289643526652,-0.686522435842666
552,12,2051,-0.775506310140576,-0.868805367280244,-0.579537088944828,0.643430173584712,-0.83198177270101
553,1,2052,-0.943193346590237,-1.05427800343589,-0.893879344401793,0.534799526865988,-1.19476578000968
554,2,2052,-1.94725407896766,-1.58691770919347,-0.619557566771557,0.433946995021917,-0.271211795749485
555,3,2052,-0.340076002166452,-0.437599533479613,-0.596643373641582,-0.128386954209536,-0.177345040330287
556,4,2052,-0.201668139866974,-0.284574837003176,-0.800240034049153,-0.065579265758556,-0.237565159949391
557,5,2052,-0.247500847131435,-0.343024283466448,-0.435245472052258,0.291919121703955,-0.377570575880952
558,6,2052,0.381781593295986,0.270387830799408,0.0421791119215946,0.434604215784294,-0.194403709623073
559,7,2052,0.0334963738238792,-0.299087673167684,0.087461736796862,0.236980738365112,-0.319133676835434
560,8,2052,0.0814374020910813,-0.39362064346859,0.144661901574216,0.671928206629203,-0.351109186472414
561,9,2052,0.475994560554639,-0.230018457597845,0.132940528236382,0.345933908885568,-0.581623563074684
562,10,2052,-0.180120678730569,-0.588446788695745,-0.239501786678258,0.0143960469016082,-0.50155284808216
563,11,2052,-0.260725689517263,-0.636441789004802,-0.320273840955055,-0.0237424818160622,-0.48853028270778
564,12,2052,-0.554779692857923,-0.772227890481995,-0.438124800716689,0.358412571053714,-0.777466482634903
565,1,2053,-1.03465177110564,-1.10208407302301,-0.87691512908837,0.282041261755503,-1.19661363163516
566,2,2053,-1.90635429674324,-1.58184039964168,-0.595757528874872,0.327274879769458,-0.263483004710058
567,3,2053,-0.620295288070223,-0.806418079208035,-1.13322408532737,0.0144661527700285,-0.173048446033356
568,4,2053,-0.385644551223511,-0.395860205660207,-0.507436471500876,0.262751867553837,-0.224707185165094
569,5,2053,-0.168762500060202,-0.221537982537081,-0.353849200687834,0.668419531638776,-0.43921176485167
570,6,2053,0.413196346210632,0.308873475944324,-0.159377177258577,0.260072166856701,-0.274006262257394
571,7,2053,0.0815718953720197,-0.271293669338098,-0.0188771954679747,0.192743566847858,-0.268189184142907
572,8,2053,0.508618538545361,-0.184256468374374,0.239261946515169,0.749242983597537,0.00297908445464246
573,9,2053,0.365827214523728,-0.293399055495446,0.241465492614413,0.170632470059042,0.256770299528545
574,10,2053,0.0434405963002173,-0.427729554239355,0.331977867676653,0.515779059802746,0.222987457432295
575,11,2053,0.0904150499656555,-0.388158358068673,0.192509741126272,0.408733162693455,0.304728106736385
576,12,2053,-0.303873668728419,-0.586136230194627,0.084018368861726,0.273834597258223,-0.189685967971389
577,1,2054,-0.564855470395245,-0.816927543827083,-0.326028216781431,0.462491288697802,-0.943219272525402
578,2,2054,-0.995915199214886,-1.18557614670657,-0.239257390945239,0.283908059969133,-0.24622887860095
579,3,2054,-0.469998854798056,-0.629536246179821,-0.0676581112033251,-0.0908250907766466,-0.173182605265226
580,4,2054,-0.545132394931572,-0.560055559557929,-0.470488372665545,-0.0698550739272888,-0.242402205692249
581,5,2054,0.231361080164602,0.368759896911436,-0.256331492496665,0.377534359366208,-0.480397361495544
582,6,2054,0.0963472883076284,-0.0228140217047279,0.0188723698290951,0.643799341569523,-0.293955809664849
583,7,2054,0.202321049723442,-0.177494015193802,0.244366711617941,0.434815727037984,-0.428092287364981
584,8,2054,0.369098639975126,-0.257415492121813,0.165645166436902,0.558080418819312,-0.258650058810493
585,9,2054,-0.0598379591322271,-0.520861668375318,-0.0109303362086216,0.0199497311714874,-0.144561938727216
586,10,2054,-0.101064743715993,-0.533366705847661,-0.154867783097695,0.0331944423512285,0.30163855385549
587,11,2054,0.232074835308438,-0.346878565943289,0.0645870687347816,0.28359166285852,0.659081336874374
588,12,2054,0.0991879445993356,-0.457035756735466,0.135919050297534,0.575284537983438,0.393093811825628
589,1,2055,-0.0124457821036932,-0.461974061122608,0.0388699948280036,0.0523674810119861,-0.478234597189439
590,2,2055,-1.50054911965636,-1.36725202492154,-0.421834837318858,0.104310310608738,-0.238159640672721
591,3,2055,-0.510781304823402,-0.628913349832909,-0.299290544770586,0.41402735183509,-0.150282152855828
592,4,2055,-0.155363299752792,-0.187395642801853,0.353258773713246,0.734197511003391,-0.0940328445378827
593,5,2055,0.467597736671562,0.533742859511814,0.424209270560804,0.852814865267779,-0.0415251385120861
594,6,2055,-0.202125889989544,-0.262627254677128,0.113050913105695,-0.326805794026088,-0.158719671040127
595,7,2055,-0.190993564351247,-0.409221678245133,-0.0351087575986309,-0.0828723896288502,-0.0959115676670447
596,8,2055,-0.110632042264595,-0.475226416516344,0.0537225191501742,-0.129535578220851,-0.088665211910949
597,9,2055,-0.639480315030233,-0.801726152617408,0.249824431101155,0.0183521753069882,-0.0848005471104475
598,10,2055,-0.238772175183308,-0.601934331137137,0.0168212163526493,-0.314411337786294,0.0358035903975658
599,11,2055,-0.243777049271497,-0.604105066690952,-0.0955574784607935,-0.537436866612691,0.0536981711834748
600,12,2055,-0.494906216033885,-0.703856481127888,-0.0497328165780382,0.0988331720969162,-0.117368499453855
601,1,2056,-0.63414956936889,-0.821545527818657,-0.238247688903393,0.467532823247857,-0.985808170774597
602,2,2056,-0.994350177685724,-0.978709618692568,-0.0825206837573627,0.284545895954422,-0.22729085147772
603,3,2056,-0.143272546922568,-0.199621807428082,0.0589401449486846,0.0554703303637529,-0.157753989709341
604,4,2056,0.668402570933432,0.608252428401865,0.372615845807529,0.305436990965603,-0.131264612837885
605,5,2056,-0.0708949250815988,0.0265477934744196,0.416650796087978,0.291746594454285,-0.210301518178284
606,6,2056,-0.278401768221889,-0.298897879094154,0.103288366748768,-0.304631237501038,-0.307056492409198
607,7,2056,-0.207668355917084,-0.421335317034867,-0.145014735706862,-0.0808285819705178,-0.502163519402278
608,8,2056,-0.458638855217525,-0.658761826598377,0.247947619516437,0.415667455479744,-0.532483834166031
609,9,2056,-1.02303591542573,-1.01234164246713,0.175427585147801,0.0362283044806175,-0.813811851454464
610,10,2056,-0.509663330903684,-0.754399664580586,-0.302873880391002,-0.356669470777035,-0.709964919811067
611,11,2056,-0.469558785090135,-0.741365871384623,-0.430746672138778,-0.331790233886769,-0.595343040925418
612,12,2056,-0.722963315233798,-0.838807354315583,-0.527801163898874,0.473292457236056,-0.805852098569046
613,1,2057,-0.771273534010336,-0.952399652896371,-0.728774815055709,0.450377453937352,-1.14397972983362
614,2,2057,-1.9814198795887,-1.59077844362933,-0.317852863622141,1.14743926776765,-0.244631104628522
615,3,2057,-0.494343877055443,-0.61002304512621,1.15310067405451,0.564617052716723,-0.159110822479687
616,4,2057,0.47732836417317,0.395857503650669,0.873605798839063,0.391688235896408,-0.132131864535424
617,5,2057,-0.0996864357735363,-0.0128069263473863,0.340845642370517,-0.381118265666684,-0.213197569413037
618,6,2057,-0.406188479461059,-0.40349715804332,-0.240555196131296,-0.532304485999668,-0.240537516518866
619,7,2057,-0.180685428952465,-0.391462174530789,-0.115163716644008,-0.104471547981659,-0.255868692956189
620,8,2057,-0.324847119431839,-0.587040456131322,0.327240913313947,0.80794970818146,-0.254676063382451
621,9,2057,-0.29434580930106,-0.597315238815824,0.134859456014364,0.156527235710761,-0.478071296148608
622,10,2057,-0.351407965094526,-0.658935032770044,0.00710055561533407,0.388536219607196,-0.511179319648269
623,11,2057,-0.284887490212447,-0.627653494492762,-0.18841591938371,-0.336817706967204,-0.310794724106228
624,12,2057,-0.615260363326422,-0.79120325239593,-0.413629646203618,0.154279782258693,-0.666396923868916
625,1,2058,-0.861671459315575,-0.991021079396645,-0.699686148391154,0.444052566975689,-1.11291193793533
626,2,2058,-0.955770750259277,-0.980521000573315,-0.376514932086076,0.149525066873492,-0.251035832720688
627,3,2058,-0.147210732406088,-0.00831663477888478,-0.26408715636243,0.0855632562613573,-0.164197514362982
628,4,2058,-0.01612669174776,0.0368218268798313,-0.662389016668763,-0.222059632799874,-0.228537382205676
629,5,2058,0.0144774371477292,0.0300138806348222,0.16433759618777,0.516021356964188,-0.323456945239204
630,6,2058,0.294852635648045,0.24651679065581,0.542627960350162,0.137212910627046,-0.234874457323249
631,7,2058,-0.145779477669526,-0.413156338214967,0.00287041727802739,0.0628712982269859,-0.485765291453781
632,8,2058,-0.141063176683255,-0.497285972743363,0.164396293457452,0.681376047443412,-0.552346074887949
633,9,2058,0.135481211971885,-0.367731714555259,0.094841523782957,0.605703673167444,-0.754852590818044
634,10,2058,-0.255554599838648,-0.608527694808568,0.0811128551426377,0.502053033533584,-0.733807040025067
635,11,2058,-0.399755140887877,-0.703548046079584,-0.420663312364329,-0.251369112158587,-0.684429217489565
636,12,2058,-0.849994076716261,-0.897668663609704,-0.614243358107236,0.157139205190042,-0.83717106587611
637,1,2059,-0.951199322445988,-1.04509283532266,-0.784028380523993,0.425781524593008,-1.09622099818129
638,2,2059,-0.49954975248031,-0.719868824766547,-0.0268124371661395,0.335417696863656,-0.191629263662773
639,3,2059,-0.168308414936816,-0.151533847781882,-0.488867870224269,-0.133114038505978,-0.17449968434171
640,4,2059,-0.132285548258564,-0.122760778665811,-0.651334040957892,-0.262370074108819,-0.244719520911665
641,5,2059,-0.0672528155593412,-0.0695531535488761,-0.12259636590252,0.0731119489373107,-0.362665401226626
642,6,2059,0.197731367471358,0.15753231070771,0.0449383729691408,0.0454717199708516,-0.223661389571667
643,7,2059,-0.141128456777623,-0.395667578911177,0.184726259647689,0.239634966848311,-0.301488847692994
644,8,2059,0.0487028906815952,-0.390254722675738,0.323429297288384,0.848363472716234,-0.390416394602939
645,9,2059,-0.318537444553442,-0.626272219223117,0.194073968357394,0.651106370317041,-0.680381047973408
646,10,2059,-0.216310287387801,-0.585111181626106,0.274772700216635,1.00076261448482,-0.674914406530072
647,11,2059,-0.278365960294719,-0.625123304784383,-0.438375825075658,-0.0775607678839761,-0.664005530050805
648,12,2059,-0.827977262191724,-0.887733284958022,-0.600825039953771,0.481460146820713,-0.836442360191322
649,1,2060,-0.935684009382937,-1.04994264930477,-0.775005912277842,0.822856767761219,-1.1760705427783
650,2,2060,-1.9641755041948,-1.58591163163735,-0.527416212122075,0.622013022369543,-0.263030216815958
651,3,2060,-0.538678581793241,-0.666804392690594,-0.382818732816476,-0.0608054341296246,-0.175265573510259
652,4,2060,-0.19867468149432,-0.178164048049312,-0.751041583654879,-0.363869030730944,-0.257395312347324
653,5,2060,0.410078818445819,0.39183672306812,-0.328562154132225,-0.200256302669386,-0.483495379398893
654,6,2060,-0.072818952857752,-0.184821730236572,0.136762997668842,0.229366541641265,-0.240968117711138
655,7,2060,0.0312721538112106,-0.281166177057628,0.164051898333387,0.222832519285477,-0.26933277114008
656,8,2060,0.180055106413871,-0.341644414825287,0.124488891106306,0.198181126754974,-0.435904141043614
657,9,2060,-0.260300202395662,-0.614332346253208,0.0421073476045173,0.307871364732659,-0.623954451993403
658,10,2060,-0.210976555339498,-0.587970853076771,-0.110703866443962,-0.0914698870131292,-0.578598828953085
659,11,2060,-0.475364777266114,-0.748313219499686,-0.369977717155008,-0.243233028332967,-0.567714362143399
660,12,2060,-0.747978581093403,-0.852920652877063,-0.481005287590853,0.483081494208465,-0.808908072953169
661,1,2061,-0.908225198017828,-1.03215701195883,-0.705241329583528,1.06393095958128,-1.14544467862017
662,2,2061,-0.267466950804445,-0.666852005127832,0.142427891880456,0.978785095145613,-0.129574052920775
663,3,2061,0.524341658188789,0.611988318634928,0.531083773618434,-0.0687408711544817,0.0381619296964877
664,4,2061,0.346038862327249,0.208260920665769,-0.124303807689246,-0.242911783884049,0.00232439459913114
665,5,2061,0.0518208347593645,0.209333900419322,0.0115755242264615,-0.16889163815781,-0.0362187640989233
666,6,2061,-0.323507729477147,-0.341280711028727,0.0592405135658773,-0.402045742509722,-0.13428796742752
667,7,2061,-0.147707532843647,-0.374147467080681,-0.115412756039613,-0.116455080035193,-0.218774280603815
668,8,2061,-0.377644937450342,-0.620771429091368,0.152179990859091,-0.130283662450896,-0.359634176146366
669,9,2061,-0.995573305321324,-0.992086502075496,0.00298429022007363,-0.0971205168793404,-0.464784460873943
670,10,2061,-0.438475798620432,-0.68725918644404,0.0371486380339849,0.189455403687771,-0.565856926503415
671,11,2061,-0.384547897727642,-0.687133110655418,-0.347140600643779,-0.280145567008249,-0.473316986690623
672,12,2061,-0.537628132900193,-0.740469185397315,-0.257346800210135,0.319524980797616,0.0231684159192265
673,1,2062,0.434453556611792,-0.162560262401297,0.401469039961646,0.673336609349025,1.83465942011167
674,2,2062,2.04580461251555,0.99563227180249,0.702656373354451,0.829042007697304,0.234698973044397
675,3,2062,0.366631088487066,0.515280585067293,1.31817891619265,0.1451063642593,0.00844106447498683
676,4,2062,0.930572090807959,0.919230228477569,0.517218308566451,-0.17466118744603,0.00190570137970969
677,5,2062,-0.213436790327704,-0.0314729963173714,0.363913185441919,0.127306346881993,0.123375394234714
678,6,2062,-0.308260866128526,-0.303878282919904,0.374621944700217,-0.169675378022811,-0.083718672203136
679,7,2062,-0.0757769343133697,-0.320541570264072,0.122018961553606,-0.00235277235197229,-0.363091262677248
680,8,2062,-0.430273729295869,-0.658172457553754,0.122314995400731,0.152718140476782,-0.599009418050163
681,9,2062,-1.00417681358693,-1.02390793491357,0.0888015808327152,0.569433899048547,-0.818891192237905
682,10,2062,-0.402705650084241,-0.682892434054925,-0.00158696101207934,0.120237931184422,-0.746566415075587
683,11,2062,-0.413738019693054,-0.71529123993235,-0.397136876983943,0.133871408988119,-0.677093226361839
684,12,2062,-0.624081453190841,-0.810467548457181,-0.523871680532246,0.42889040057489,-0.830152224513473
685,1,2063,-0.976359965700899,-1.07552558210769,-0.913790744545825,0.159460404802397,-1.21700966487375
686,2,2063,-1.75063315865584,-1.49260473537991,-0.531870226442083,0.242814032609473,-0.265048996347441
687,3,2063,-0.599077820469314,-0.761702869699924,-0.410722339117328,0.216903921268257,-0.167902166279092
688,4,2063,0.3440060193192,0.351876549501962,-0.0472781722501074,-0.208041818482967,-0.241593721929281
689,5,2063,-0.179286814375963,-0.232863352047406,-0.417731144404714,-0.0869053597936618,-0.460639737035437
690,6,2063,-0.014110727451609,-0.0724736011108698,0.0245446816988113,0.451415742038173,-0.276624149252987
691,7,2063,0.227860159930557,-0.135028268321254,0.1855732958034,0.526865773552174,-0.332981960638435
692,8,2063,-0.0103556794527392,-0.441682920018951,0.245885974064755,0.742482048201203,-0.417737097694421
693,9,2063,-0.0308098270516257,-0.488250711480593,0.0162407099678152,0.254484257659887,-0.527382163869613
694,10,2063,-0.14457740117197,-0.551031021269178,0.132791995997478,0.568907623121188,-0.248286310118539
695,11,2063,0.0925459119312353,-0.430415842854878,0.302645611488399,1.26094840121826,-0.307042728867465
696,12,2063,-0.101185438582852,-0.562827860658047,-0.25522441047801,0.178673958558137,-0.595260265550611
697,1,2064,-0.248454987182798,-0.607488525035303,-0.210629683254651,-0.0836101401990539,-0.410490622537811
698,2,2064,-0.658138374654642,-0.886749838372668,-0.369824214867784,0.0045347478089599,-0.248373471366498
699,3,2064,-0.477255369271806,-0.601676751138108,-0.593367343374433,0.00736550716367423,-0.171083842413032
700,4,2064,-0.587097467809208,-0.64105810227186,-0.658029142961655,0.337985210386953,-0.213282747884838
701,5,2064,-0.261779786005934,-0.335587183335116,-0.212580512489912,1.11566899010452,-0.345650656946183
702,6,2064,0.371181975060247,0.261466793381166,0.0454580683065404,0.148256065623782,-0.234285535463067
703,7,2064,-0.00989464432363807,-0.331183210579381,-0.069926974908717,-0.029118078090525,-0.392978721841673
704,8,2064,0.235600266286202,-0.31741480002543,0.0551273994595129,0.443672259403962,-0.465443226953966
705,9,2064,-0.0177895453916681,-0.47683134356735,0.0175594053873485,0.243990499173409,-0.646987503785036
706,10,2064,-0.160236017703093,-0.556398459176706,-0.226816980703081,-0.0659702504585257,-0.595080707137759
707,11,2064,-0.212865167217134,-0.591605176683165,-0.390601695797147,0.0861498959259277,-0.543973881697629
708,12,2064,-0.553407664630958,-0.744108726871867,-0.433835353188072,0.562601460085154,-0.745644445181569
709,1,2065,-0.586279613257227,-0.820330203025112,-0.426328108858629,0.841918148321902,-0.712784646087544
710,2,2065,0.391020045326136,0.00907764539007472,0.431179459232307,0.620185450418519,-0.0884841314177037
711,3,2065,0.234333484073361,0.495836589993506,0.0406884326982935,-0.131467378510365,-0.157171011093195
712,4,2065,0.0942960144262017,0.0786770863455837,-0.150166264809453,-0.155302088464909,-0.223881803927656
713,5,2065,0.23923896889614,0.420690231300363,-0.0307472063594111,0.300095373241888,-0.315019581060476
714,6,2065,-0.144570930379118,-0.208888416588263,0.0977076272762776,-0.105811596012736,-0.184355813105407
715,7,2065,-0.169408740432097,-0.403695307795299,0.0804194450928699,0.0168018296050487,-0.18983261535193
716,8,2065,-0.0587702516068512,-0.445731064529105,0.177795827074395,0.32285297040463,-0.31195024860066
717,9,2065,-0.416982209743986,-0.675782345179649,0.223828627728096,0.966806429564564,-0.465766074709965
718,10,2065,-0.0122165899676527,-0.453787949051156,0.534938506272237,1.36454552468886,-0.405139332696945
719,11,2065,0.194884321198782,-0.369596557016044,-0.00480091090988344,1.30116648596392,-0.576761127153482
720,12,2065,-0.539287933733692,-0.768849620732638,-0.4552881691568,0.0548294270321332,-0.717271457272192
721,1,2066,-0.677253067932766,-0.883376230903572,-0.562432358864764,0.496472080710135,-0.725944483522257
722,2,2066,-0.832871329398489,-0.905639478270872,-0.136921214550667,0.55013476034097,-0.176851917574099
723,3,2066,-0.459571133351737,-0.625587460556297,1.22347607644254,0.699599196817365,-0.153093068074403
724,4,2066,-0.297349008576235,-0.305652425356273,1.06901361388586,0.57399302985542,-0.137359693002871
725,5,2066,0.356263460267116,0.610523851355964,0.429970525592162,0.3422162647334,-0.147896204167253
726,6,2066,-0.289910727182529,-0.321290837806064,0.16610344609464,-0.373837500378367,-0.248303944484058
727,7,2066,-0.243022350840958,-0.445796659978105,-0.00852545356648315,-0.0167705454995497,-0.43017945170427
728,8,2066,-0.00306466484175749,-0.42234655701278,0.29481408558329,1.28651968575989,-0.43959280666268
729,9,2066,-0.408474719925555,-0.661680643916602,0.226845612397223,0.710758666674733,-0.711401349470477
730,10,2066,-0.293968381971381,-0.605190856293,0.0113775023140452,0.653820295054116,-0.666087405859089
731,11,2066,-0.452638874699695,-0.729207828515007,-0.597999266013283,-0.524912397988926,-0.665337579937373
732,12,2066,-0.824558428387322,-0.887742628207046,-0.581870330738509,0.506748630351231,-0.837056507780999
733,1,2067,-1.03504802039395,-1.10014736016319,-0.880719532759685,0.834435324463979,-1.21124925568456
734,2,2067,-1.54036770675413,-1.34400046020757,-0.346240013920167,0.626534956560246,-0.263340208460935
735,3,2067,-0.0663385185453542,-0.102957048845952,-0.140708692673689,-0.13830937069515,-0.174071765518945
736,4,2067,-0.0323660128620601,-0.118639448449423,-0.604499190436709,0.0210133308181961,-0.203565533708921
737,5,2067,0.697260702668646,0.749151198280884,-0.00498402102953921,0.778295099316501,-0.21980792913649
738,6,2067,-0.0105540225446099,-0.0869542852285056,0.389736484924308,0.268251282881565,-0.138367610972762
739,7,2067,0.186206332940602,-0.161956913971947,0.178273716847143,0.123980787319802,-0.239120171559981
740,8,2067,-0.0408700932092283,-0.439713173789266,0.335372709057592,0.929604961573772,-0.225672339291609
741,9,2067,-0.0397120515251721,-0.456695128979758,0.215550229294507,0.678747493858644,-0.382692120037117
742,10,2067,0.0986379087116642,-0.389511803291894,0.224693212832527,0.637644287585268,-0.336489260475854
743,11,2067,-0.0899794321289,-0.504847132436312,-0.0360106415381103,0.0472344968359315,-0.230120945829615
744,12,2067,-0.277800246160393,-0.618749681598511,-0.112184257576608,-0.0660215736189095,-0.586607217396037
745,1,2068,-0.831427996801153,-1.00702594166446,-0.638551619585062,0.326519988625976,-1.12577752573179
746,2,2068,-1.75165633030233,-1.45781468250329,-0.0980842529481847,0.861619900092925,-0.242286275232393
747,3,2068,-0.22750723140684,-0.269922317246313,0.185182487028861,0.0654917391277794,-0.165788796060654
748,4,2068,0.492222900343637,0.42409850401083,0.0574395123578977,0.295587088116492,-0.19141504552903
749,5,2068,0.152890615485596,0.174494588742754,0.40339570522253,0.768479344777435,-0.246067955675235
750,6,2068,-0.191620635545758,-0.224111742195942,0.234146917102512,-0.160321952140448,-0.274101831890275
751,7,2068,-0.012109083997814,-0.296252774888954,0.180662725678386,0.229077554094611,-0.255308076800983
752,8,2068,-0.201921943486545,-0.528828657439288,0.298608183074182,0.440163231805631,-0.240192131219724
753,9,2068,-0.547227680389149,-0.727923898608376,0.116050822547989,0.670447139368055,-0.464347771444973
754,10,2068,-0.259248867901119,-0.592232315385087,0.444325468047175,1.61836956895333,-0.377298343544053
755,11,2068,0.0254330707518629,-0.42122154219519,0.324156235294948,1.4010233558211,-0.309416913046779
756,12,2068,-0.0853570316923801,-0.580649490389547,-0.286125545655106,-0.072435889071011,-0.785211697926472
757,1,2069,-0.944340851174014,-1.06250169504105,-0.792905033365821,0.250385705992649,-1.15957722495751
758,2,2069,-2.03766879833908,-1.6275760844217,-0.42142616989195,0.66378401792094,-0.247030545562036
759,3,2069,-0.451623745799728,-0.504074196801142,1.03742795826247,0.652164253645725,-0.156481728942099
760,4,2069,0.280422727175865,0.309886908084197,0.932349761756164,0.3965764513852,-0.195736711708659
761,5,2069,-0.0627969694343911,0.0854544202018144,0.489017823323911,0.0820500695555466,-0.29197186764862
762,6,2069,-0.11490978912947,-0.106707941613173,0.0851987245959145,-0.401826960075662,-0.313172730938648
763,7,2069,-0.35518505664171,-0.55310649484077,-0.0243245637665916,-0.025437351710235,-0.479971283079645
764,8,2069,-0.424117898812373,-0.667532637584692,0.394488248200028,0.382505487914096,-0.544874788470919
765,9,2069,-0.870461871947411,-0.972874790756053,0.117563864968853,0.451354821279354,-0.768332287130601
766,10,2069,-0.388225409485431,-0.684183254666734,0.279661172492678,1.00652129652578,-0.613362720631952
767,11,2069,-0.219133461534354,-0.586569765262695,-0.0976270734845394,0.698773575134956,-0.626513431491272
768,12,2069,-0.657877140490544,-0.822361840232411,-0.567423020289427,0.178134431768534,-0.836522246721644
769,1,2070,-1.03187763321251,-1.10059793194908,-0.957398803719402,0.371442557704977,-1.21044608969782
770,2,2070,-2.03327747623339,-1.61812061325271,-0.500601660993883,0.466300146545951,-0.262150538979144
771,3,2070,-0.486167278537212,-0.568219545136372,-0.174748081406834,0.273468247819947,-0.163261355989475
772,4,2070,0.157225887387288,0.23256906773646,0.339473528459613,0.765605653774622,-0.135294491651413
773,5,2070,0.341775385757163,0.455918074281471,0.457450041858794,1.28397073823609,-0.184601132603505
774,6,2070,0.126324395847031,0.105336518988898,0.425662422834368,-0.0421047750506287,-0.296760054446746
775,7,2070,-0.286954069690184,-0.494037197097837,0.112485263962678,0.0605928706711425,-0.455753564335539
776,8,2070,-0.242661620346112,-0.55306733516054,0.318685184522643,0.433236691822538,-0.399365242384284
777,9,2070,-0.786389685765809,-0.882406675850152,0.218458711739105,0.246230249407934,-0.580826305638219
778,10,2070,-0.393573918601283,-0.680507474860041,0.00826522659036666,0.102094143360137,-0.457787055189613
779,11,2070,-0.244874079336774,-0.615124310696778,-0.220054747639504,0.0766757515277818,-0.473861948633231
780,12,2070,-0.643495147249197,-0.820368290504495,-0.511528496437765,0.373768007956281,-0.827120848662477
781,1,2071,-0.644969970199076,-0.865427795689725,-0.500227772936682,0.52690124845822,-0.901324547143272
782,2,2071,-0.726329156082716,-0.967386280635602,-0.377429330909831,0.207747248609768,-0.256929928498459
783,3,2071,-0.130766075700659,-0.00697108062760832,0.224104622710155,0.294880982977108,-0.164053777705115
784,4,2071,0.115430688758901,0.0916428150487623,-0.205049734582431,-0.114321301889681,-0.238154787518509
785,5,2071,0.50350650841807,0.661397809497985,0.392175098346667,0.590993072719713,-0.309494690106856
786,6,2071,-0.189209206057101,-0.238017275718663,0.366466008545792,-0.232635823876693,-0.288020795481793
787,7,2071,-0.249948121689554,-0.468441103233045,0.0189461466744081,0.0471611253473039,-0.487404268499892
788,8,2071,-0.096377991100098,-0.484367508354573,0.419115753701971,1.07388692406518,-0.44518864084539
789,9,2071,-0.410197310350122,-0.686786271256874,0.470177176030547,0.574922929521831,-0.669416233209732
790,10,2071,-0.258805706237178,-0.606364442898742,0.351492166703057,0.315851555408744,-0.541995793041876
791,11,2071,-0.356837531412452,-0.682728600117454,-0.397409444316686,-0.282777797745502,-0.632681176709682
792,12,2071,-0.778961350020298,-0.868906271691377,-0.558719171687372,0.317486844143888,-0.830967951583665
793,1,2072,-0.765608054337489,-0.951475169716473,-0.766950557161271,0.312166259726867,-1.12781116721066
794,2,2072,-2.03098261548394,-1.62047269553901,-0.629158683937747,0.489244932915791,-0.266809864596681
795,3,2072,-0.552539802231777,-0.65304664103079,-0.347391639301481,0.347830633393124,-0.170456308450246
796,4,2072,-0.0188985297779926,0.0112659979258456,0.0576986733997507,0.5234782500649,-0.174190167779659
797,5,2072,1.04787817197885,1.22870630768912,0.472173440680458,1.26267474878806,-0.168177764368692
798,6,2072,-0.0213235722121029,-0.0819670341148281,0.521793086946055,0.180986393002399,-0.163141272315792
799,7,2072,0.170527632045903,-0.177331971159189,0.256574923627349,0.148828282757466,-0.172900487150741
800,8,2072,-0.012171981130165,-0.428119643787676,0.260366315810711,0.0623018257785057,-0.134537183513928
801,9,2072,-0.159876959766793,-0.52023113204917,0.170738122640792,-0.174107681007284,0.140422450952165
802,10,2072,-0.00811009579832223,-0.459204913476652,0.0404067206434953,-0.265994698307444,0.244655448763529
803,11,2072,0.074049902194141,-0.388206529814207,0.397981963373897,0.10813593951927,0.583333504277126
804,12,2072,0.440998036909098,-0.308129652230505,0.33406945569327,0.13091979112788,-0.315516321703258
805,1,2073,-0.891786711303598,-1.03591316547025,-0.716737942775583,-0.215893816635395,-1.15525833851864
806,2,2073,-1.90190329957923,-1.52864090965653,-0.535253757683165,0.214046662179217,-0.241733701316646
807,3,2073,-0.337651226448403,-0.42107474961957,-0.016652421388796,0.117468744562621,-0.150935619848453
808,4,2073,0.370913268207614,0.404995714715558,0.312871460568777,0.584399938514166,-0.166052020743255
809,5,2073,0.247376881745867,0.257618017510781,0.466463692348074,1.23555578456234,-0.209090678617619
810,6,2073,-0.130397433891761,-0.187386974306848,0.414593387231101,-0.042001027248739,-0.233616973055536
811,7,2073,0.00578265123752075,-0.283195216244554,0.0345478363604539,-0.0359482654608646,-0.342384260662311
812,8,2073,-0.153600313037329,-0.505068224970885,0.343686536117889,0.557148475010884,-0.388006105874286
813,9,2073,-0.392150251827141,-0.684353997814232,0.211586793622961,0.484360669206353,-0.546425449404591
814,10,2073,-0.228728078405418,-0.588803657864999,-0.160154021138649,-0.0858024347837532,-0.545063872677864
815,11,2073,-0.339897402666095,-0.670366106127295,-0.382764077953107,-0.228000258985837,-0.523789090181178
816,12,2073,-0.541281185994887,-0.745275785423322,-0.394910346644128,0.553185153793576,-0.688832307961994
817,1,2074,-0.715286620989526,-0.912038294176608,-0.555306911499875,0.566673815985603,-0.965756705758006
818,2,2074,-1.60522779056575,-1.44993920252577,-0.333798915760434,0.537399089450245,-0.26067051147715
819,3,2074,-0.487661574524252,-0.580614029395251,0.788370536241955,0.350900678283765,-0.163674585196427
820,4,2074,0.323702147320011,0.346291840424432,-0.0075375606120851,-0.0342476973802164,-0.219150863492353
821,5,2074,-0.0161361367037119,0.0358727695112411,0.408723771033424,0.205039251612495,-0.270727691591475
822,6,2074,-0.262120741242986,-0.272989203518991,0.182385486598947,-0.243206577230342,-0.250988743786837
823,7,2074,-0.147410154649794,-0.380571073675523,0.0294695954143704,-0.0425032748221867,-0.495200241280674
824,8,2074,-0.455707924134273,-0.67469910465718,0.116804802361508,0.106799942737356,-0.589255417655819
825,9,2074,-1.04625708355997,-1.03103266851346,0.0377822162103756,0.309008858648275,-0.797292232419007
826,10,2074,-0.564776224199309,-0.779754770804389,-0.0180010651650647,0.0175457996507606,-0.746133908347189
827,11,2074,-0.515415556585097,-0.76970432168825,-0.49763842449423,-0.464858831605572,-0.688695470176831
828,12,2074,-0.861330601160053,-0.902627875166461,-0.59636091911007,0.581699258993867,-0.839233586222262
829,1,2075,-1.0142002008957,-1.08881178790368,-0.764173190247603,1.10673925253625,-1.1886482247598
830,2,2075,-1.84199009606249,-1.5217574566693,-0.111625985754141,0.772568725955529,-0.25576392616872
831,3,2075,-0.0359458577653733,0.151027437057946,0.680507424886716,0.518005441613063,-0.147949010976912
832,4,2075,0.729056607811926,0.675768820033824,0.975276974337664,0.6128011542124,-0.063728035625464
833,5,2075,-0.0257025206157233,0.146283630156707,0.524950824519455,0.209275006281471,-0.142734739033627
834,6,2075,-0.252375396156506,-0.227846451800906,0.15746807451157,-0.345775108449081,-0.278789412877631
835,7,2075,-0.430804573581084,-0.586597258956501,0.225302755561647,0.225255273321899,-0.519355657018371
836,8,2075,-0.489057608367057,-0.683770892123062,0.577098716747948,1.39563474506981,-0.560006612412168
837,9,2075,-0.768509484839536,-0.864729649347281,0.296656956238467,0.374363278787784,-0.806128023323352
838,10,2075,-0.527848111471688,-0.763628522089646,-0.0263088722504581,0.30124679646134,-0.75430771819225
839,11,2075,-0.439294190241604,-0.727455511892722,-0.442498769214662,-0.134749987345687,-0.685231660614428
840,12,2075,-0.820770017601835,-0.887894427628788,-0.613086264377751,0.450672031480923,-0.839416490752516
841,1,2076,-0.965374395249888,-1.06783867738687,-0.846264901560342,0.541368071429184,-1.20202192287601
842,2,2076,-2.03614194978938,-1.62007607732486,-0.438209376814923,0.612797354418027,-0.260024653899748
843,3,2076,-0.417290388444747,-0.357349087475933,0.186747374479846,0.167237365852401,-0.165562984413925
844,4,2076,0.212562161586915,0.326651080865667,0.318707258045663,0.660400203961868,-0.130021121120649
845,5,2076,0.782262244432329,1.18578873934827,0.753348286299276,0.860016081296766,-0.163972552972595
846,6,2076,-0.299367692358709,-0.334507185650591,0.111529468179965,-0.454097616483615,-0.350589149206843
847,7,2076,-0.295018011416497,-0.488249728678481,0.312133027449008,0.193787619803442,-0.579407196157379
848,8,2076,-0.474164021173092,-0.66956314903612,0.175554738445377,0.759491561877702,-0.641412425679695
849,9,2076,-1.14406767367547,-1.0651025688417,0.083926950133717,0.374035149423304,-0.845595150400474
850,10,2076,-0.485406661266631,-0.721465523723366,0.11014813203103,0.863037097523309,-0.74316461000814
851,11,2076,-0.354419494327532,-0.659400384170339,-0.344554241847474,0.0592945568603984,-0.680656034373105
852,12,2076,-0.707690498083428,-0.839777889037299,-0.539679160097623,0.442519503497194,-0.829731919465766
853,1,2077,-1.00147799361163,-1.08762709197613,-0.915385578717374,0.509554330195916,-1.19710688854429
854,2,2077,-2.00164180562103,-1.59241596385908,-0.109038077463684,1.18723700655079,-0.251871734841865
855,3,2077,-0.522365360469655,-0.612536530449673,0.105860039580981,-0.00534891076745869,-0.173054958071418
856,4,2077,-0.122844811581714,-0.0653187202476833,-0.18722780989503,0.358182521346221,-0.186691367608313
857,5,2077,0.866157575369294,1.04108799538077,0.17946885122797,0.729341056300136,-0.206295531303732
858,6,2077,-0.0657780999915311,-0.128815931838621,0.224089416766891,-0.181987380122429,-0.284283466494624
859,7,2077,-0.181992137931033,-0.415299652413014,-0.0216284725430528,-0.019080290105803,-0.454628595512942
860,8,2077,0.0179748714700296,-0.418351840575922,0.294157685266577,0.909879793712487,-0.477203641131139
861,9,2077,-0.457398396623965,-0.706269559074372,0.0852471949020595,0.403413992111793,-0.701158683290517
862,10,2077,-0.264690187757532,-0.609358427658255,-0.0856850026320188,0.290036103742995,-0.690915924084579
863,11,2077,-0.514617862681692,-0.769424860029618,-0.604913731696596,-0.617314172212293,-0.627511428447778
864,12,2077,-0.830158742982083,-0.888632630666717,-0.535137441215714,0.45963540315091,-0.80989137147281
865,1,2078,-0.956916977361894,-1.04475734214073,-0.819851432273191,0.756373407455846,-1.18786702948525
866,2,2078,-1.38643251792165,-1.32119355157906,-0.518255094846937,0.563125748189073,-0.264302584078325
867,3,2078,-0.512807598123856,-0.619493770495782,-0.62555236015441,0.252047438907815,-0.170384276797421
868,4,2078,-0.121903890524962,-0.126275999275112,-0.400368316914004,0.137488945795726,-0.210867588393714
869,5,2078,0.510456744709999,0.57899389158559,-0.118164664025879,0.563669203811908,-0.277048198117346
870,6,2078,0.0420092669196492,-0.0486088190195459,0.102283003593364,0.0582484042995348,-0.237598600360469
871,7,2078,0.118952105367535,-0.22075758160723,0.0102845941394465,0.0881544852961635,-0.2862294285201
872,8,2078,-0.139229809999325,-0.495501526736041,0.0472323981551579,0.374070356793358,-0.389826467214173
873,9,2078,-0.611698953781461,-0.769205534580346,-0.121473014721631,0.276431372783727,-0.622615905745942
874,10,2078,-0.290504289356428,-0.604046873956771,-0.060135588524763,0.266722236760225,-0.620365498694285
875,11,2078,-0.327882740955826,-0.65979595293624,-0.312394681929579,0.223404388858252,-0.627295559097993
876,12,2078,-0.628469618275428,-0.805526046074423,-0.447958711213104,0.475384029857409,-0.759431765534067
877,1,2079,-0.891917650548283,-1.01023271473507,-0.720443909076192,0.578682241636025,-1.04238338177542
878,2,2079,0.275059853553997,0.0405438920515631,0.332610256073811,0.730241251065386,-0.0788975968753418
879,3,2079,-0.109240931969258,0.0163175357635195,-0.370405512539905,-0.131359745266325,-0.158724136541134
880,4,2079,0.275702424299471,0.272718306282272,-0.440980778458189,0.00622414491735412,-0.22146897190123
881,5,2079,0.117242696692651,0.120590784331389,-0.152518664600592,0.704842657351314,-0.464897664562
882,6,2079,0.0259222110056327,-0.0538026625709433,0.0866989176303774,0.584786886930453,-0.238342136016715
883,7,2079,0.373659302356467,-0.0499140889004217,0.223574240692416,0.220854830400459,-0.293284170974215
884,8,2079,0.0373941170130283,-0.413549356850232,0.134092539181814,0.373791437825746,-0.352402495783632
885,9,2079,0.0434018214219161,-0.431419028826856,0.020900818474427,0.541524555126369,-0.481711246765734
886,10,2079,0.255056052413663,-0.313196174882523,0.282792340614847,0.87650159232815,-0.3815348653304
887,11,2079,-0.119923319847372,-0.541016413082512,-0.104389164775584,0.139135241727543,-0.392344261680117
888,12,2079,-0.499997908463767,-0.748998443154671,-0.414894352642142,0.219743405020326,-0.774468282894815
889,1,2080,-1.04951342731825,-1.10776111885471,-0.784474741083794,1.03489102144627,-1.12539455526812
890,2,2080,-1.93203175897689,-1.56285315666197,-0.00613365951755607,1.15843373845541,-0.238754240078602
891,3,2080,-0.162856689803836,-0.0807563738850119,1.1697554519008,0.477026421883519,-0.159738445982602
892,4,2080,0.445389767160784,0.445183959102396,0.648759923857685,-0.131557534207019,-0.226664764994651
893,5,2080,-0.0111182920213667,0.0945924783741166,0.21713645095303,0.198133243183974,-0.404225093211212
894,6,2080,0.0367456343577275,0.0196599218597735,0.325385041074299,-0.0122962248008787,-0.277791646649246
895,7,2080,-0.181530767154194,-0.442955656470334,0.135620251884105,0.156334363924469,-0.389337053270574
896,8,2080,-0.171392203276344,-0.533675673207842,0.453424939023073,0.693897460529876,-0.524617322721747
897,9,2080,-0.552992948701955,-0.777133152119117,-0.0171046268729773,-0.0517620360014314,-0.752235062348705
898,10,2080,-0.511082206757001,-0.746353144058852,0.103113087601811,0.785975249677861,-0.718451542513779
899,11,2080,-0.380392052921454,-0.683787482532435,-0.258682666608272,0.196200992150014,-0.681808149339707
900,12,2080,-0.788419200824298,-0.873080339341593,-0.581399863377449,0.520689704150507,-0.837806185804545
