TSTEP,MONTH,YEAR,EUPH_hind,COP_hind,MZ_hind,PhL_hind,PhS_hind
1,1,1971,-0.3851856,-0.301811415,-0.330242477,0.022927312,-0.482131624
2,2,1971,-0.555597215,-0.433615027,-0.452587794,-0.143897768,-0.228004484
3,3,1971,0.069318712,0.124761395,-0.545414648,-0.129644604,-0.246483003
4,4,1971,-0.045848261,-0.041659899,-0.326389615,-0.228842166,-0.400533864
5,5,1971,-0.084738515,-0.100225916,-0.451845775,-0.533493603,-0.647124693
6,6,1971,-0.25052168,-0.267983805,-0.43660761,-0.324463021,-0.565332815
7,7,1971,0.000601927,0.008915916,-0.088039891,0.481550911,-0.144143339
8,8,1971,0.655054312,0.605538718,0.198686195,0.984870192,-0.171994943
9,9,1971,0.319754001,0.259348198,0.137575764,0.775799117,-0.146443026
10,10,1971,0.423382788,0.388294589,0.160091338,0.508271663,-0.021176451
11,11,1971,0.021060346,-0.040841962,0.025387383,0.331404941,-0.149558063
12,12,1971,-0.315142463,-0.327271002,-0.269712354,-0.107616157,-0.367410711
13,1,1972,-0.574679411,-0.627906339,-0.380582995,0.013469913,-0.497861963
14,2,1972,-0.6110506,-0.472209781,-0.552623465,-0.015681304,-0.157350166
15,3,1972,0.421968382,0.551986735,-0.612742153,0.003155199,-0.178533131
16,4,1972,0.586354482,0.52126515,-0.279788775,0.236444412,-0.144012737
17,5,1972,-0.096590192,-0.108723397,-0.200835043,0.166534936,-0.225116858
18,6,1972,-0.120135491,-0.117353865,-0.219016113,0.119084137,-0.273196058
19,7,1972,0.322547005,0.297646609,-0.03197031,0.023617618,-0.273082614
20,8,1972,0.019621755,-0.035514915,0.022587706,0.195412653,-0.402914918
21,9,1972,0.000990586,-0.05683473,-0.005159412,0.404901294,-0.462041244
22,10,1972,0.31866569,0.226428677,0.038084111,0.16278965,-0.305378378
23,11,1972,0.07989048,-0.002284841,0.170122718,0.654982967,-0.251104492
24,12,1972,0.164558315,0.126520341,-0.036252096,0.001096404,-0.534085226
25,1,1973,-0.301237903,-0.415584866,-0.205250982,-0.168965901,-0.459419967
26,2,1973,-0.716771854,-0.655162709,-0.330146824,-0.095768749,0.07059606
27,3,1973,-0.558131959,-0.570712344,-0.464715651,-0.224644213,-0.008677665
28,4,1973,-0.266553628,-0.262061807,-0.027293724,-0.062185054,0.024064177
29,5,1973,-0.12440498,-0.118546589,-0.057538949,-0.292318423,-0.362675924
30,6,1973,-0.152031502,-0.148195543,-0.223595644,-0.218543763,-0.407124959
31,7,1973,0.180104842,0.176902074,-0.065962914,0.15535676,-0.200527001
32,8,1973,0.044792089,0.029728055,0.08197931,0.661625608,0.110212623
33,9,1973,0.33909972,0.30748147,0.077340224,-0.097389484,0.070878378
34,10,1973,-0.071607778,-0.095677778,-0.017033452,-0.229679016,-0.026369522
35,11,1973,-0.093057914,-0.132639867,0.09948234,0.026060618,0.104360081
36,12,1973,-0.190703084,-0.223302299,0.05421819,-0.133104365,0.322668436
37,1,1974,-0.497672387,-0.400232168,-0.06910159,-0.054201144,-0.318560319
38,2,1974,-0.706442979,-0.678457618,-0.331169304,-0.124379022,0.003654608
39,3,1974,-0.025491111,-0.07922894,-0.443505894,0.101224581,0.096169786
40,4,1974,-0.112375468,-0.177035829,-0.1653426,0.42654288,0.237697026
41,5,1974,-0.203641376,-0.214033687,-0.086040057,0.287254036,0.287295128
42,6,1974,0.19108922,0.177160083,0.010647117,0.00117838,0.09660697
43,7,1974,-0.118880475,-0.141111494,-0.023871224,0.145288288,0.043270793
44,8,1974,-0.037614309,-0.02790189,0.094008029,0.098722354,0.262906795
45,9,1974,0.223081962,0.20854337,0.033279946,-0.361619569,0.27495003
46,10,1974,-0.126880148,-0.138530227,-0.105846515,-0.298496652,0.212422534
47,11,1974,0.05753515,0.116934355,0.107275984,0.101098588,0.683318689
48,12,1974,0.997966312,1.197261274,1.047175106,-0.021449681,1.406792321
49,1,1975,0.896687106,0.736841029,0.13885254,-0.536497907,-0.438565844
50,2,1975,-0.181774289,-0.242257211,0.006749229,-0.461572718,0.000181404
51,3,1975,-0.285128143,-0.323191147,-0.289804307,-0.276171256,0.004063146
52,4,1975,-0.415259941,-0.407760997,0.033181585,-0.177642932,-0.096887232
53,5,1975,-0.229902121,-0.207804246,-0.124169556,-0.380402092,-0.465872308
54,6,1975,0.026904115,0.033450725,-0.2980968,-0.267319621,-0.378927144
55,7,1975,-0.0657696,-0.096418558,-0.111718439,0.28304158,0.003339169
56,8,1975,0.39478134,0.344957182,-0.031405832,0.361399368,-0.094195586
57,9,1975,0.038193805,0.02203109,0.059876623,0.062339712,0.042376807
58,10,1975,-0.03442041,-0.058127525,-0.064868577,0.003892636,-0.152772
59,11,1975,0.299808659,0.257626323,-0.064925945,0.204855904,-0.142009795
60,12,1975,0.02373804,0.03619296,-0.045892598,-0.121496414,-0.235925129
61,1,1976,-0.384926511,-0.390297978,-0.122794327,0.013015022,-0.38247682
62,2,1976,-0.350278547,-0.286150107,-0.241588941,-0.177992706,-0.19129141
63,3,1976,-0.170578473,-0.180430141,-0.110760155,-0.121725502,-0.220849658
64,4,1976,-0.290576074,-0.288036299,-0.313973145,-0.511734904,-0.454320864
65,5,1976,-0.261289618,-0.262236191,-0.542357698,-0.673503862,-0.44934084
66,6,1976,-0.413837303,-0.412117642,-0.548331083,-0.609409401,-0.289631068
67,7,1976,-0.235369019,-0.206062987,-0.381495253,-0.280368871,0.098704694
68,8,1976,0.299779303,0.340777127,-0.050726173,-0.304988612,0.649764426
69,9,1976,-0.058120008,-0.016863535,-0.068970378,-0.551284414,0.850905278
70,10,1976,0.246633158,0.379827924,0.110527916,-0.319767779,0.501167765
71,11,1976,0.088787071,0.212462357,0.092696974,-0.444888179,0.32912065
72,12,1976,-0.061665113,0.050963425,-0.038282606,-0.247386961,0.177500956
73,1,1977,-0.335532118,-0.321662335,-0.278281925,-0.028367923,-0.399121076
74,2,1977,-0.700680885,-0.498398774,-0.567594727,0.031823251,0.001395751
75,3,1977,0.166373873,0.523294987,-0.65747726,-0.062212192,0.168275663
76,4,1977,0.108242589,0.303198511,-0.427225218,-0.307607433,0.096073592
77,5,1977,0.152954517,0.194953565,-0.170678128,-0.19357367,-0.048667394
78,6,1977,-0.025884192,-0.02197158,0.077682882,-0.120690437,0.118061339
79,7,1977,0.093307824,0.093776507,0.010805211,-0.243933242,-0.03056746
80,8,1977,-0.233354508,-0.214792249,-0.028021156,-0.349008394,0.029040573
81,9,1977,-0.047295472,-0.039723378,0.070768457,-0.341660363,0.277305254
82,10,1977,0.265744436,0.244417573,0.141293037,-0.139793461,0.32938185
83,11,1977,0.124166277,0.106682246,0.075911488,-0.033107998,-0.202216043
84,12,1977,-0.094183876,-0.197556622,-0.250380658,-0.00083873,-0.699004138
85,1,1978,-0.86306512,-0.881714474,-0.598888725,0.145761861,-0.504984635
86,2,1978,-0.675594099,-0.470237579,-0.531498057,0.351546844,0.079697098
87,3,1978,0.439335334,0.532587053,-0.146430277,0.188992174,0.111186988
88,4,1978,1.179822687,1.107493756,0.107100162,0.026268485,0.017912287
89,5,1978,0.151431372,0.154818852,0.229204588,0.482351159,0.559739189
90,6,1978,0.060761549,0.085991709,0.306961716,0.330387591,0.306954973
91,7,1978,0.150164925,0.17050304,0.277762695,0.232825654,0.173967776
92,8,1978,-0.131451443,-0.125558007,0.026834489,-0.369687935,0.292815128
93,9,1978,-0.029687981,-0.03546795,0.147911981,0.051813704,0.386420248
94,10,1978,0.133631544,0.131553808,0.030531533,0.036207948,0.13822692
95,11,1978,0.165833518,0.197135132,0.229146273,0.179531742,-0.227794285
96,12,1978,-0.068013365,-0.184004478,-0.414686472,-0.316936099,-0.828500118
97,1,1979,-0.939501421,-0.948232765,-0.612319193,0.114437419,-0.470385712
98,2,1979,-0.672961059,-0.478074791,-0.520804109,0.200019192,0.046384697
99,3,1979,0.532584118,0.63821183,-0.234419433,0.147957436,0.140650946
100,4,1979,1.24855821,1.175337824,0.385175319,0.452103685,0.309927809
101,5,1979,0.224850168,0.226837399,0.613905281,0.386599028,0.236642331
102,6,1979,0.008913558,0.047806837,0.416293372,0.406451375,0.350179299
103,7,1979,0.108386652,0.146924035,0.340354099,0.267174737,0.260477041
104,8,1979,-0.201188255,-0.199991569,0.109167836,0.133696542,0.021992767
105,9,1979,0.08506186,0.065403918,0.101767692,-0.035318081,0.062514753
106,10,1979,-0.11536005,-0.108773907,0.099464672,0.0073066,0.165372976
107,11,1979,0.041226147,0.083919546,0.358154416,0.42092775,0.071891362
108,12,1979,0.257340137,0.27317528,0.106183668,0.060358599,-0.589677348
109,1,1980,-0.807484339,-0.847306186,-0.592901979,-0.220332656,-0.586493909
110,2,1980,-0.739889386,-0.66547682,-0.682336506,-0.21086244,-0.154193333
111,3,1980,0.012830133,0.264466811,-0.794732252,0.08447835,0.021378938
112,4,1980,0.335366491,0.498522104,-0.159710003,0.163440568,0.229653324
113,5,1980,0.114676498,0.142334677,0.069203522,-0.024493601,-0.139981525
114,6,1980,0.221767717,0.2375627,0.116527896,0.255181656,0.209453445
115,7,1980,-0.13681592,-0.147224448,0.104539837,-0.19343616,0.025145815
116,8,1980,0.016776268,0.040049341,-0.007762694,0.179017615,0.0295714
117,9,1980,0.010603037,0.009155312,0.182834373,0.753728178,-0.071755936
118,10,1980,-0.012935492,-0.014611206,0.219995278,0.63162841,-0.00837635
119,11,1980,0.396244546,0.374420436,0.232469159,0.652446884,0.150034327
120,12,1980,0.319661327,0.365034815,0.173717463,0.009747443,-0.325038691
121,1,1981,-0.225666306,-0.149558655,-0.107806907,-0.079284027,-0.362476563
122,2,1981,-0.674516655,-0.595554163,-0.333622556,-0.075840514,0.082908289
123,3,1981,0.051811213,0.110734976,-0.24411472,0.114351268,0.168270558
124,4,1981,0.312246078,0.353550305,0.454439989,0.336696211,0.361554902
125,5,1981,0.486231697,0.524399818,0.502459249,0.524449834,0.77008677
126,6,1981,-0.002156906,-0.018975573,0.365417465,0.017613905,0.118760732
127,7,1981,-0.244147376,-0.238881008,0.051420278,-0.25159752,-0.149792584
128,8,1981,-0.054933615,-0.034154199,0.053106255,0.298437714,-0.403202377
129,9,1981,-0.136939902,-0.151833013,0.004556428,-0.021344267,-0.679976194
130,10,1981,-0.231552336,-0.253373581,-0.157671979,-0.111331729,-0.670797666
131,11,1981,-0.181865998,-0.218822206,-0.39523253,-0.324059501,-0.832630597
132,12,1981,-0.859022694,-0.891025698,-0.78388861,-0.015888417,-0.944151758
133,1,1982,-0.964369508,-0.965290959,-0.805864325,0.199376864,-0.59788933
134,2,1982,-0.739321351,-0.545223148,-0.811945889,0.278033368,-0.118053585
135,3,1982,0.346382779,0.558341083,-0.705553454,0.253354009,0.039368062
136,4,1982,0.454364842,0.530072785,-0.342325751,-0.075434082,-0.062573092
137,5,1982,0.332316611,0.317798322,-0.182651574,-0.224753928,-0.132191229
138,6,1982,0.043377033,0.025098737,0.154491225,0.3119017,0.298014098
139,7,1982,0.033123619,0.026467576,0.264302525,0.234204777,0.13230311
140,8,1982,0.262090888,0.242428226,0.098117438,-0.027059097,0.000319475
141,9,1982,0.044661357,0.035261486,0.047224548,-0.077098408,0.108239337
142,10,1982,0.298239656,0.288515915,0.044203292,0.031896854,0.233134302
143,11,1982,-0.033421932,-0.055168372,-0.001864415,-0.034797537,-0.042329268
144,12,1982,-0.283815838,-0.220890956,-0.315764629,-0.093642412,-0.563286444
145,1,1983,-0.491935224,-0.381986292,-0.525005295,-0.106698927,-0.485507869
146,2,1983,-0.785720806,-0.654412931,-0.696168946,-0.074680403,-0.039009431
147,3,1983,-0.421760306,-0.246746723,-0.853767212,0.110703199,0.171178472
148,4,1983,-0.05765739,0.139837502,-0.385875193,0.582611161,0.462587782
149,5,1983,0.482377914,0.523514764,0.240779863,0.519327619,0.59703313
150,6,1983,0.062602252,0.071274921,0.307333889,-0.053489086,0.167152892
151,7,1983,-0.057392511,-0.04147708,-0.10736668,-0.550544659,-0.020225421
152,8,1983,-0.261236907,-0.233728725,0.012412981,-0.064160177,0.123972923
153,9,1983,-0.161437558,-0.144765349,0.02422212,-0.00462141,0.040538826
154,10,1983,0.163566202,0.1824102,0.107629666,-0.018758042,0.361487802
155,11,1983,-0.00847831,0.024367367,0.089589587,-0.078906543,0.449123316
156,12,1983,0.35444588,0.329124864,0.37142051,0.174090951,-0.027714089
157,1,1984,-0.562547697,-0.589258164,-0.232153557,-0.118261426,-0.443786269
158,2,1984,-0.735632694,-0.658468227,-0.492271009,-0.190973732,-0.016129196
159,3,1984,-0.588456083,-0.518380522,-0.750851708,0.183108761,0.119679061
160,4,1984,0.446161039,0.552318659,0.065659693,0.679356831,0.394198255
161,5,1984,0.071766068,0.07763887,0.088539302,0.271479761,0.016886861
162,6,1984,0.03406228,0.037019166,0.003223032,-0.202312096,0.065326248
163,7,1984,0.089472389,0.09823044,-0.094601856,-0.068217383,0.195568436
164,8,1984,-0.096200431,-0.103490245,0.045117621,-0.221595729,0.516602078
165,9,1984,0.241678471,0.246616418,0.127442435,-0.200105074,0.415190992
166,10,1984,-0.03226153,-0.028359342,0.081549219,-0.060217361,0.141424624
167,11,1984,0.15309154,0.165263637,0.436525812,0.612827505,-0.014564265
168,12,1984,0.10497516,0.057068393,0.175288098,0.313596051,-0.496757066
169,1,1985,-0.781086663,-0.796617536,-0.372638892,0.014979631,-0.532698512
170,2,1985,-0.629533136,-0.533018975,0.065955472,0.233696992,0.018382589
171,3,1985,0.068386409,-0.010844455,0.175934531,-0.012597399,0.009488545
172,4,1985,-0.169916703,-0.192638769,-0.047802688,-0.23544993,-0.106978171
173,5,1985,-0.06008177,-0.058930083,-0.15198283,-0.354679377,-0.418857192
174,6,1985,0.17872477,0.168414813,-0.10323301,-0.054756133,-0.291246192
175,7,1985,-0.009753929,-0.052281468,0.03901088,0.0551368,-0.087784944
176,8,1985,-0.003445298,-0.032164762,0.03003814,0.157575465,-0.234005876
177,9,1985,0.325542757,0.309570659,0.030606942,0.244931223,-0.043877428
178,10,1985,-0.081389867,-0.085073311,0.093254607,0.315008473,-0.217624683
179,11,1985,-0.242303038,-0.266335345,-0.259492346,-0.37971706,-0.626933103
180,12,1985,-0.698108621,-0.738095493,-0.552063926,0.154950838,-0.812774335
181,1,1986,-0.951178189,-0.958956495,-0.464346392,0.232168993,-0.62922406
182,2,1986,-0.564889562,-0.509716803,-0.234209098,0.137922402,-0.224129993
183,3,1986,0.416180832,0.308312996,-0.303506316,0.186176315,-0.038978435
184,4,1986,0.346047737,0.357544915,0.103787282,0.121677666,-0.007455699
185,5,1986,0.004918046,-0.020905661,-0.106413203,-0.295458782,-0.347487283
186,6,1986,0.100867443,0.104041144,-0.152879117,-0.146279161,-0.085775508
187,7,1986,-0.074047261,-0.08668544,-0.011416088,-0.045109071,-0.03458701
188,8,1986,0.072869617,0.059821719,-0.106027,-0.335634024,0.11029495
189,9,1986,-0.236457219,-0.238727414,-0.189661754,-0.611444934,0.863618427
190,10,1986,-0.351723105,-0.345035873,-0.144710591,-0.690881991,0.533589427
191,11,1986,-0.217343192,-0.19876128,-0.054158685,-0.494654979,0.41099279
192,12,1986,-0.338796262,-0.204902061,0.229381191,-0.098807106,0.179508465
193,1,1987,-0.333184528,-0.24742893,0.057860404,0.173607416,-0.344823801
194,2,1987,-0.649079185,-0.576982468,0.113936487,0.122152021,-0.043660037
195,3,1987,0.408211026,0.3283553,1.145274119,0.193310281,0.009717617
196,4,1987,0.281680095,0.218286398,0.255477981,-0.297377296,-0.19979546
197,5,1987,0.311401261,0.271241636,-0.055971361,-0.080366821,-0.049917213
198,6,1987,0.007644175,-0.010261974,0.038052614,-0.043587173,0.037504938
199,7,1987,-0.092789368,-0.08919638,0.006426992,-0.018885707,-0.267587163
200,8,1987,0.042536406,0.041598949,0.096991655,-0.026134962,-0.402605015
201,9,1987,-0.248297667,-0.276711534,-0.139290736,-0.174313906,-0.708628459
202,10,1987,-0.210128721,-0.251220029,-0.079636218,0.496579974,-0.856542233
203,11,1987,-0.029186686,-0.168734202,-0.290359508,0.531894782,-0.930042803
204,12,1987,-0.725015599,-0.810514282,-0.761321448,-0.061865173,-0.949332833
205,1,1988,-0.951864972,-0.959630231,-0.774791308,0.137665588,-0.609393952
206,2,1988,-0.769942641,-0.659007265,-0.781848505,0.109938343,-0.103859722
207,3,1988,-0.166424705,-0.123301251,-0.700039712,-0.000986846,0.013114949
208,4,1988,-0.236280138,-0.217032405,-0.523618812,-0.170412191,-0.070478267
209,5,1988,0.091544469,0.061270613,-0.153175711,-0.104117146,0.181750291
210,6,1988,-0.014537123,-0.025274155,0.036058236,0.033998656,0.463863107
211,7,1988,0.211096516,0.201301442,0.110063863,-0.102668199,0.235584718
212,8,1988,-0.176441075,-0.176919635,-0.037038356,-0.417989117,0.207750725
213,9,1988,-0.123342632,-0.110105383,0.01842926,-0.192988771,0.168534401
214,10,1988,0.161903311,0.164069723,0.089904069,0.169707496,-0.085732057
215,11,1988,-0.064994664,-0.051879586,-0.047345215,-0.289896043,-0.300228326
216,12,1988,-0.33034702,-0.367151649,-0.338639285,-0.252772793,-0.765141489
217,1,1989,-0.85072246,-0.876575068,-0.585308501,-0.259740915,-0.555421359
218,2,1989,-0.730693177,-0.605239912,-0.653706548,-0.194349305,-0.143759029
219,3,1989,-0.453554885,-0.322673157,-0.784582824,-0.077969477,0.105194996
220,4,1989,0.614370267,0.659113048,-0.291532094,0.440944522,0.419912602
221,5,1989,0.217426351,0.188460989,0.180360111,0.252662893,0.150736655
222,6,1989,0.052483497,0.044092454,0.171728114,0.103353529,0.041658898
223,7,1989,0.096954814,0.103424826,0.045194279,-0.266386038,-0.065721478
224,8,1989,-0.262148239,-0.247973409,-0.04086025,-0.319151384,0.213201995
225,9,1989,-0.206545978,-0.177405889,-0.00910743,-0.208124642,0.268311413
226,10,1989,0.033246772,0.139141383,0.136425922,-0.388802289,0.794366341
227,11,1989,0.070740373,0.228671562,0.298510952,-0.662122791,0.74368688
228,12,1989,0.743827398,0.769625366,0.628681687,-0.45905306,-0.061592355
229,1,1990,-0.378222619,-0.469619915,-0.225758711,-0.508211382,-0.481260677
230,2,1990,-0.674614,-0.661670632,-0.430759763,-0.454766123,-0.090445399
231,3,1990,-0.62463826,-0.610000454,-0.661765464,-0.155420445,0.047538843
232,4,1990,0.001163335,0.038564157,0.063721675,0.590412814,0.499004039
233,5,1990,0.011636798,0.030612185,0.347956721,0.752087043,1.046203891
234,6,1990,0.078661934,0.10239146,0.273611125,0.131434363,0.192456585
235,7,1990,0.00598484,0.030635571,-0.040412234,-0.351469358,0.083158995
236,8,1990,-0.21955601,-0.21910376,-0.008421136,-0.176965,0.62095495
237,9,1990,0.248466134,0.227634117,0.149906807,-0.10785925,1.125160395
238,10,1990,-0.029830139,-0.005588098,0.009288352,-0.502571173,0.815233225
239,11,1990,-0.01918379,0.037549535,0.013079601,-0.532825527,1.266917335
240,12,1990,0.447309587,0.522228171,0.748169789,-0.327342209,1.77392393
241,1,1991,0.354746136,0.308086447,0.135330786,-0.187713354,-0.318200211
242,2,1991,-0.511879036,-0.493284725,-0.161560228,-0.343858756,-0.078549983
243,3,1991,0.379638312,0.404030645,-0.144839252,0.050257865,-0.071526906
244,4,1991,0.05178503,6.96E-05,0.119497567,0.228632342,0.017744837
245,5,1991,-0.044289707,-0.055517758,0.090506798,0.159216123,0.117228879
246,6,1991,0.276971569,0.268613204,0.014033633,-0.048429938,-0.072907191
247,7,1991,-0.09808096,-0.129876024,-0.012299231,0.141257553,-0.142034901
248,8,1991,-0.084789089,-0.106666028,0.029264397,0.063593289,-0.212123241
249,9,1991,0.113290389,0.086481597,-0.017647458,0.0565402,-0.329582949
250,10,1991,-0.007709354,-0.040393487,0.050092742,0.644350159,-0.181927777
251,11,1991,0.166090164,0.17969405,0.324814172,0.638289944,0.084752218
252,12,1991,0.077592576,0.01140716,0.170876639,0.172904406,-0.096009284
253,1,1992,-0.273572104,-0.332199766,-0.299920395,-0.146768291,-0.474921093
254,2,1992,-0.619859768,-0.520200365,-0.355867722,-0.018577505,0.008750127
255,3,1992,0.159611812,0.38795956,-0.57910155,-0.179055681,-0.019947868
256,4,1992,-0.057878771,0.018340943,-0.302862471,-0.041120287,0.075834364
257,5,1992,0.130313197,0.116821164,-0.026318628,-0.014533986,0.311130325
258,6,1992,-0.060295448,-0.083958422,0.014062725,-0.091531664,0.707572117
259,7,1992,-0.079170151,-0.069820165,0.104316981,-0.118810917,0.750902472
260,8,1992,0.191634438,0.181961577,0.003687138,-0.300821508,0.365097172
261,9,1992,-0.061072012,-0.038306535,-0.012027059,-0.415575674,0.467919453
262,10,1992,0.029091145,0.074078082,0.195250828,-0.288555657,0.578353935
263,11,1992,0.303315237,0.398386512,0.120420334,-0.376341682,0.196976593
264,12,1992,-0.141255505,0.050476265,0.132112943,-0.286889028,-0.308087411
265,1,1993,-0.310100359,-0.159620506,-0.042107639,0.238544576,-0.296831108
266,2,1993,-0.358820025,-0.21042965,0.094033446,0.212584635,-0.021918506
267,3,1993,0.585063087,0.465681104,0.856127757,0.173475367,-0.079417369
268,4,1993,0.188024658,0.120752874,0.44169574,0.451176367,0.138093654
269,5,1993,0.412468349,0.395507455,0.396457816,0.574212123,0.499000559
270,6,1993,0.053366603,0.041817646,0.373278653,0.282393669,0.109288571
271,7,1993,-0.109204724,-0.1053024,0.246525584,0.134159584,0.016138807
272,8,1993,0.101381293,0.103485241,0.12362823,0.081923046,-0.345977022
273,9,1993,-0.02728813,-0.0319883,0.221314731,1.003518081,-0.397210184
274,10,1993,0.12748533,0.089039732,0.18017918,0.491797569,-0.341405982
275,11,1993,-0.233212686,-0.207755738,0.087574568,0.177712556,-0.289453114
276,12,1993,-0.463912396,-0.358696111,-0.396195357,0.116321177,-0.749568813
277,1,1994,-0.132848341,-0.145093561,-0.059583687,0.290040654,-0.36905529
278,2,1994,-0.206661009,-0.108991059,0.546928168,0.583104936,0.091992733
279,3,1994,-0.015683719,-0.179128596,1.064683182,0.058975763,-0.069633662
280,4,1994,-0.42238828,-0.485099253,0.214894196,-0.129292813,-0.343371869
281,5,1994,-0.006359151,-0.040476098,-0.043302705,-0.061868032,-0.396187923
282,6,1994,-0.081419348,-0.090025391,-0.104740194,-0.120447913,-0.33822389
283,7,1994,0.102316558,0.081723926,-0.023484931,0.443768162,-0.116093776
284,8,1994,0.002102836,-0.03780303,0.196940535,0.557546477,0.256192823
285,9,1994,0.051020758,0.01550045,0.109064609,0.444974346,0.223834455
286,10,1994,0.233324203,0.214705173,-0.032885643,0.185145131,0.04763658
287,11,1994,-0.094828523,-0.100152866,-0.05661513,-0.046145585,0.010755036
288,12,1994,-0.344661481,-0.238870364,0.004530878,-0.160982724,-0.132133243
289,1,1995,-0.589257367,-0.62471801,-0.377972379,-0.006424991,-0.504186868
290,2,1995,-0.565257624,-0.50868692,-0.515317835,-0.102135575,-0.123352235
291,3,1995,0.051701343,0.079916569,-0.484238237,0.129098143,0.003719338
292,4,1995,0.500842507,0.456172715,-0.225673602,-0.097536165,-0.001012957
293,5,1995,-0.095015421,-0.1087849,-0.142898564,-0.08137236,0.186998061
294,6,1995,-0.083174404,-0.079179232,-0.155101954,-0.13146635,-0.00992322
295,7,1995,0.073303159,0.094384094,-0.15116854,0.023055278,0.018176556
296,8,1995,-0.114037181,-0.08858397,-0.115211427,-0.309643706,0.084712271
297,9,1995,-0.01313279,-0.005140767,-0.107942338,-0.538179931,-0.021105736
298,10,1995,0.03954737,0.06472592,-0.093427869,-0.335393216,0.447253627
299,11,1995,0.035811655,0.101110678,0.196430083,-0.012861119,0.960016173
300,12,1995,0.520697793,0.62461293,0.638327851,0.195085487,1.676452145
301,1,1996,1.504719588,1.894740577,0.722244344,-0.030989787,0.662023025
302,2,1996,1.281064404,1.364631019,0.675826243,0.090871356,0.33203381
303,3,1996,0.424465561,0.521828384,0.474828574,0.132430338,0.378934852
304,4,1996,0.156167764,0.180961868,0.420747426,-0.166533151,0.120829074
305,5,1996,-0.154113558,-0.130419044,0.176724331,-0.093409523,0.02524812
306,6,1996,0.087861746,0.098320473,0.196071925,0.067248373,0.203481185
307,7,1996,-0.105197994,-0.126249359,0.185817063,-0.054755321,0.236046883
308,8,1996,-0.130511719,-0.119442449,0.01592624,-0.023268273,-0.015575509
309,9,1996,0.132891681,0.166004216,0.009335467,0.074947012,-0.106461544
310,10,1996,-0.094390836,-0.091230062,-0.022180743,-0.070652851,-0.162978987
311,11,1996,0.010041832,0.000354226,0.017619357,-0.222224121,-0.281115446
312,12,1996,-0.078669691,-0.114029397,-0.127101284,-0.181424643,-0.217523113
313,1,1997,0.062904579,-0.075504282,-0.203632708,-0.192898379,-0.427793269
314,2,1997,-0.692733692,-0.671818059,-0.230921631,-0.13722444,0.104034979
315,3,1997,-0.281792151,-0.346342693,-0.125508391,0.075273457,0.241988733
316,4,1997,-0.418644535,-0.429697115,0.275396096,0.171036259,0.230620649
317,5,1997,-0.146917802,-0.131382328,0.171060104,0.253222142,0.124765543
318,6,1997,0.27869336,0.291644189,0.225892546,0.323249855,0.003061144
319,7,1997,-0.081960618,-0.097284886,-0.01652026,-0.296920528,-0.132192529
320,8,1997,0.03170466,0.042384847,-0.14061362,-0.420585018,-0.225217616
321,9,1997,-0.147870558,-0.129005615,-0.097498015,-0.093151356,-0.03410197
322,10,1997,-0.055204633,-0.076974302,0.124514441,0.440413193,0.017419388
323,11,1997,0.28904146,0.254521727,0.002869784,0.032963378,-0.539349581
324,12,1997,-0.348681011,-0.400519602,-0.576108587,-0.077606498,-0.862406064
325,1,1998,-0.521741164,-0.597350778,-0.403052575,0.176771725,-0.459201279
326,2,1998,-0.639158531,-0.638414152,-0.232464234,-0.039833139,-0.097893329
327,3,1998,-0.209323902,-0.301762441,-0.130287944,-0.148150208,-0.126870012
328,4,1998,-0.421214072,-0.427147126,-0.032904985,-0.333258571,-0.119084397
329,5,1998,0.013394601,0.029906496,-0.114020476,-0.28953169,-0.36306063
330,6,1998,-0.067710362,-0.083615863,0.135523216,0.263274503,-0.067461494
331,7,1998,-0.008434494,-0.011891686,0.180490834,0.011665712,-0.041908635
332,8,1998,0.133370645,0.155403866,0.014350735,0.282077204,0.122673945
333,9,1998,0.060352074,0.090826041,0.164168463,1.132219501,0.085663668
334,10,1998,0.030741696,0.030795747,0.157767957,0.814728261,-0.031258846
335,11,1998,0.326669863,0.238199454,0.273406539,1.487677208,-0.06134234
336,12,1998,0.276629715,0.195840598,0.191727715,0.284237939,-0.047376657
337,1,1999,0.449135161,0.26077908,0.482470133,-0.084098342,-0.088256315
338,2,1999,-0.246775828,-0.362269005,-0.064162472,-0.036355962,0.07237847
339,3,1999,-0.332225796,-0.419001681,-0.210449053,-0.058367864,-0.020587176
340,4,1999,-0.590466177,-0.619497902,-0.219185932,-0.322452734,-0.319922599
341,5,1999,-0.084325687,-0.094074502,-0.110830513,-0.022971386,-0.100803506
342,6,1999,-0.139354795,-0.150334326,-0.239378837,-0.227726794,-0.018699496
343,7,1999,-0.07036046,-0.050743682,-0.202579541,0.076859975,-0.023404941
344,8,1999,0.185013884,0.213220399,-0.062312157,0.15244365,0.373188928
345,9,1999,-0.007737782,0.016210823,-0.100933968,-0.426726029,0.34236914
346,10,1999,0.028823716,0.047947425,-0.221050814,-0.48922586,0.172389012
347,11,1999,-0.173199202,-0.137999066,-0.182816161,-0.407180557,0.197987609
348,12,1999,0.210932304,0.263106672,0.05513503,-0.014653734,0.407642936
349,1,2000,1.692392514,1.48811074,0.29467169,-0.123342822,0.019968868
350,2,2000,0.271540491,-0.046833172,0.402710912,0.105605107,0.063744721
351,3,2000,-0.165242422,-0.2831482,0.681545694,0.031645879,0.02785229
352,4,2000,0.211002049,0.108431924,0.402934183,0.092637927,0.078008559
353,5,2000,-0.002212702,-0.039893939,0.072619187,0.031979928,0.148747194
354,6,2000,0.026675936,0.015793494,0.021038703,-0.0213028,0.14496745
355,7,2000,0.103160006,0.106137798,-0.008432275,-0.192315003,-0.0230195
356,8,2000,-0.176710038,-0.150766995,-0.065675761,-0.177052369,5.86E-05
357,9,2000,-0.039636713,-0.020576096,-0.111635601,-0.243779619,0.076769818
358,10,2000,0.129016112,0.115303257,-0.054178032,-0.171065475,0.029467958
359,11,2000,-0.008909381,0.016364086,0.210820905,-0.139363599,0.265049587
360,12,2000,0.224747244,0.256437193,0.197650086,-0.176647776,-0.057451095
361,1,2001,-0.401650411,-0.420584603,-0.279473088,-0.022228286,-0.457174881
362,2,2001,-0.705471919,-0.639358068,-0.004881296,0.174857326,0.147610683
363,3,2001,-0.394871144,-0.461073447,0.297797914,-0.022877384,0.177485221
364,4,2001,-0.303101241,-0.339837217,0.02932839,-0.132380999,0.075601343
365,5,2001,-0.049099745,-0.049981964,0.232436103,0.15804071,-0.016229253
366,6,2001,-0.014388505,-0.008770581,0.078882494,0.127644541,-0.120338615
367,7,2001,0.146680122,0.157885858,0.033260652,-0.089603212,-0.060805994
368,8,2001,-0.150705835,-0.146302456,-0.070271662,-0.261389598,-0.238641839
369,9,2001,0.143061319,0.159390114,0.002412276,0.43905304,-0.303025046
370,10,2001,-0.11820079,-0.122729895,-0.086927139,0.012421816,-0.478733142
371,11,2001,-0.177709152,-0.222891761,-0.248730791,-0.130687379,-0.525230674
372,12,2001,-0.244672486,-0.288803043,-0.439139369,-0.166275862,-0.693229507
373,1,2002,-0.822216263,-0.861488588,-0.529604493,-0.022348613,-0.521565277
374,2,2002,-0.765954105,-0.730694007,-0.581321192,-0.182162485,-0.199575062
375,3,2002,0.813986395,0.961828958,0.514727634,0.280762958,0.048269497
376,4,2002,0.29661796,0.239816617,0.311782604,0.382094745,0.346320205
377,5,2002,0.045440419,0.032342542,0.057179874,0.067275958,0.153302081
378,6,2002,0.294260962,0.294629867,0.185262855,0.208699185,0.193095685
379,7,2002,-0.130710714,-0.145461677,0.018758538,-0.411264243,-0.027890386
380,8,2002,-0.219511906,-0.203153745,-0.073218564,-0.295114282,-0.132343964
381,9,2002,0.010430703,0.038097396,-0.041443841,-0.101892981,-0.344622471
382,10,2002,-0.14328931,-0.116070213,0.043233133,-0.049718401,-0.384053537
383,11,2002,-0.088215063,-0.079287231,-0.133216497,-0.20879677,-0.339873102
384,12,2002,0.113521728,0.068604693,0.13678719,0.327334183,0.401681048
385,1,2003,0.654472026,0.658725441,0.861052309,-0.192286147,0.33817726
386,2,2003,0.922629798,0.730615602,0.636157889,0.050583024,0.151559239
387,3,2003,0.126486191,0.098334706,1.715010422,0.188682788,0.15712611
388,4,2003,-0.244369122,-0.218113465,0.501371611,0.099833202,0.029296087
389,5,2003,-0.177382797,-0.142529434,0.319074498,0.332119591,-0.214552687
390,6,2003,0.217447445,0.248181952,0.324629922,0.183683573,-0.05003114
391,7,2003,-0.189676488,-0.193484856,0.072082973,-0.130502469,-0.258777067
392,8,2003,-0.059044248,-0.052380057,-0.019288736,-0.196518545,-0.479281224
393,9,2003,-0.245147573,-0.252446114,-0.098755794,-0.078705621,-0.660140132
394,10,2003,-0.384480352,-0.401239494,-0.288600519,-0.362142177,-0.854283243
395,11,2003,-0.443201181,-0.496047953,-0.601244099,-0.385921403,-0.910898809
396,12,2003,-0.856783597,-0.884422407,-0.768552934,0.300917322,-0.934858671
397,1,2004,-0.938877457,-0.951403691,-0.569329927,0.930588413,-0.503975867
398,2,2004,-0.364917812,-0.207900524,-0.194517669,0.335242368,-0.105360306
399,3,2004,0.515855164,0.450054798,0.007733158,0.075442792,-0.022025472
400,4,2004,0.242098929,0.218683084,-0.200102461,-0.212039904,-0.10415838
401,5,2004,0.277669658,0.234990902,-0.02336934,-0.054495386,0.168589765
402,6,2004,-0.031174873,-0.053125376,0.060717217,-0.004502718,0.168790071
403,7,2004,-0.189593271,-0.178146299,-0.053194674,-0.34792511,0.016541626
404,8,2004,-0.088023299,-0.064978128,-0.043817404,-0.403267028,0.082407085
405,9,2004,-0.206677047,-0.206160864,-0.059026127,-0.522395033,-0.038871107
406,10,2004,-0.107173589,-0.090725981,-0.070033177,-0.343993267,0.045889084
407,11,2004,-0.161466489,-0.10914444,-0.125503892,-0.545758693,-0.275565442
408,12,2004,-0.096054105,-0.139087403,-0.234232229,-0.07322532,-0.511506771
409,1,2005,-0.106473207,-0.327275337,-0.061990616,0.302892684,-0.418162409
410,2,2005,-0.169888173,-0.159157721,1.6009258,0.293495324,0.029916628
411,3,2005,-0.13205047,-0.335109325,1.232972311,-0.138984561,-0.091060597
412,4,2005,-0.591737099,-0.640221284,0.165629401,-0.296024895,-0.245261132
413,5,2005,-0.062343617,-0.055712058,0.103103731,-0.106063082,-0.324179576
414,6,2005,-0.018306914,-0.019940109,0.102082647,0.076867585,-0.103701254
415,7,2005,0.080639393,0.072042639,0.023828338,0.017153691,-0.251259295
416,8,2005,-0.239789324,-0.248952962,-0.074465139,-0.299716403,-0.408218449
417,9,2005,-0.27578402,-0.285000816,-0.165925044,-0.085698611,-0.671887676
418,10,2005,-0.15107387,-0.195768457,-0.305615922,-0.204712151,-0.8228893
419,11,2005,-0.419153556,-0.520462734,-0.613595966,-0.458821665,-0.927889339
420,12,2005,-0.637058526,-0.696403961,-0.683526052,0.079480743,-0.795884357
421,1,2006,-0.430617539,-0.494614059,-0.306501221,0.378821693,-0.381361521
422,2,2006,-0.425376699,-0.51297732,-0.217237843,0.05200378,-0.187632596
423,3,2006,-0.244816066,-0.404689421,-0.395477197,0.021786439,-0.092902137
424,4,2006,0.240359354,0.110993803,0.079784606,-0.292012017,-0.245294306
425,5,2006,-0.11041262,-0.158320994,-0.333901634,-0.397189895,-0.501791038
426,6,2006,-0.112810142,-0.123544518,-0.235798633,-0.123462934,-0.20150891
427,7,2006,0.255609575,0.259485479,-0.059213954,0.08397421,0.011901051
428,8,2006,-0.067651044,-0.063889694,0.039057564,0.257956829,-0.142592541
429,9,2006,-0.073619458,-0.060891112,-0.042382754,-0.001385216,-0.361516431
430,10,2006,0.162829028,0.116960989,0.024726513,0.996828057,-0.457687179
431,11,2006,0.012240302,-0.114054747,0.09079468,1.387137779,-0.44556453
432,12,2006,-0.042294209,-0.206401359,-0.18634608,0.272216817,-0.418396655
433,1,2007,-0.496493211,-0.617934001,-0.302779524,0.117913616,-0.520505209
434,2,2007,-0.595988688,-0.631306193,0.02398238,0.114749101,-0.113151821
435,3,2007,-0.155625124,-0.330993592,0.167171699,-0.062630003,-0.194363778
436,4,2007,-0.064009089,-0.13742277,0.042099693,-0.191923519,-0.332708563
437,5,2007,-0.243136271,-0.265039864,-0.298944853,-0.348411513,-0.445312642
438,6,2007,-0.22026873,-0.208538554,-0.31719255,0.102322075,-0.311051794
439,7,2007,0.193334153,0.199995704,-0.121964,0.489565618,-0.231636487
440,8,2007,0.109919251,0.078152071,0.01029833,0.011198762,-0.028388201
441,9,2007,0.261887358,0.244258704,-0.033078117,-0.465343945,0.218597613
442,10,2007,-0.097751999,-0.10711416,-0.102146546,-0.305064198,0.375088047
443,11,2007,-0.141066289,-0.18563654,-0.02887513,0.545733209,0.644335523
444,12,2007,0.469836726,0.37566682,0.635623764,1.172219546,2.32069941
445,1,2008,2.972076812,3.618897068,2.483961093,-0.260807185,4.749566872
446,2,2008,10.33859198,9.584316037,2.110760181,-0.255321431,0.373092163
447,3,2008,-0.262654918,-0.450608877,0.129724373,-0.440054499,-0.238466512
448,4,2008,-0.720903334,-0.720833619,-0.328743606,-0.360099989,-0.224396125
449,5,2008,-0.489549425,-0.478250894,-0.266886652,-0.194164074,-0.087335596
450,6,2008,-0.075578325,-0.066957543,-0.326211007,-0.217218217,-0.129087843
451,7,2008,-0.088615579,-0.101557963,-0.214489158,0.040268671,0.104295254
452,8,2008,0.305870949,0.32142361,-0.042042356,0.517573694,0.094028331
453,9,2008,-0.082595392,-0.060455024,-0.098001147,-0.084525156,-0.188416198
454,10,2008,-0.128848593,-0.099277919,-0.139629356,-0.313251745,-0.277821969
455,11,2008,0.215390696,0.224411786,-0.14455633,-0.303272858,-0.240116164
456,12,2008,0.301970935,0.307019178,0.032515972,-0.231081428,0.238407771
457,1,2009,1.638189387,1.453781441,0.953927385,-0.132768511,1.316219805
458,2,2009,1.873040659,1.17855942,0.697319899,-0.327042502,0.058846437
459,3,2009,-0.234185691,-0.382716342,-0.172316761,-0.327531888,-0.116765232
460,4,2009,-0.562831476,-0.586965617,-0.15418164,-0.323962275,-0.268665818
461,5,2009,-0.146194395,-0.146948506,-0.043508515,-0.07217157,0.052204963
462,6,2009,-0.147938315,-0.160014719,-0.14165046,-0.105954401,0.047682923
463,7,2009,-0.060616969,-0.054889843,-0.039575676,0.394227111,0.503519508
464,8,2009,0.318655968,0.313847579,0.068662269,-0.022227612,0.241216737
465,9,2009,-0.017075291,0.001087167,-0.098161172,-0.154644387,0.224923557
466,10,2009,-0.094067365,-0.055610235,-0.064044905,-0.254567934,0.449110028
467,11,2009,0.252714161,0.323270198,0.03146688,0.210701646,0.767388153
468,12,2009,0.795598857,0.884456394,0.672120161,0.171431522,1.032414168
469,1,2010,1.515177472,1.320608667,0.514724475,-0.063041396,-0.031543712
470,2,2010,-0.555690184,-0.455673289,0.41708481,0.31670375,0.218567319
471,3,2010,-0.261920989,-0.295128768,0.508715966,0.031077534,0.009656521
472,4,2010,-0.402776827,-0.358665609,0.215946912,-0.145437037,-0.237462539
473,5,2010,-0.126489956,-0.100083958,-0.195765387,-0.278764108,-0.3726233
474,6,2010,-0.217448477,-0.221659901,-0.29091452,-0.200630577,-0.184080818
475,7,2010,-0.037638438,-0.031802885,-0.136428707,-0.057496918,-0.122442012
476,8,2010,0.236553491,0.206081551,-0.097376643,0.37225764,-0.114705942
477,9,2010,0.00291757,-0.008469499,-0.007546823,-0.398536548,0.311691866
478,10,2010,0.020802808,0.022665055,-0.138033301,-0.596677835,0.360698636
479,11,2010,-0.114514067,-0.037425265,0.043693287,-0.31684494,0.67581378
480,12,2010,0.505490483,0.721590558,0.637895958,-0.046795043,1.711954559
481,1,2011,2.818229613,3.647133507,1.838063538,-0.589063297,3.29381673
482,2,2011,1.049569835,0.817358828,0.259645955,-0.86235189,-0.365883641
483,3,2011,-0.887294012,-0.909422905,-0.87779056,-0.673238881,-0.267565215
484,4,2011,-0.921554772,-0.89934173,-0.871284689,-0.328945913,-0.069324094
485,5,2011,-0.391692744,-0.306671347,-0.290566378,0.002707504,-0.001396511
486,6,2011,-0.09988659,-0.088100024,-0.097480428,0.18636743,0.14126681
487,7,2011,0.306064061,0.289946608,0.071106067,0.495648956,0.251060301
488,8,2011,0.041295061,0.024030044,0.063515284,0.242551427,0.41739219
489,9,2011,0.004041455,0.010016963,-0.044637039,0.135834277,0.176609198
490,10,2011,0.185702496,0.201425882,0.008721706,0.485037967,0.170610665
491,11,2011,0.151143788,0.205014347,0.13635414,0.037722882,0.178523684
492,12,2011,0.533098486,0.448682969,0.274492326,-0.284589313,0.014986348
493,1,2012,0.185329013,-0.106053134,0.006773786,-0.350136078,-0.402346
494,2,2012,-0.465202037,-0.496876115,0.005536842,-0.23471458,-0.157629816
495,3,2012,-0.422210673,-0.525335109,0.108577171,-0.250553432,-0.305518226
496,4,2012,-0.25622236,-0.330173509,-0.108208782,-0.288571569,-0.337651116
497,5,2012,-0.372300574,-0.386925137,-0.37982245,-0.473530116,-0.380462648
498,6,2012,-0.347687474,-0.335463409,-0.486229093,-0.356366024,-0.287749566
499,7,2012,0.052550804,0.089468187,-0.308361893,0.149604104,0.111008984
500,8,2012,0.132881239,0.148346227,-0.042590425,0.726828989,0.340988034
501,9,2012,0.422926206,0.430379339,-0.012007528,0.238468747,0.369409644
502,10,2012,0.046310247,0.059795503,-0.085221554,-0.05242208,0.419588328
503,11,2012,0.174455372,0.202633888,0.047029893,0.13538798,0.827132052
504,12,2012,0.689599662,0.681333881,0.511652454,0.255803194,2.302564565
505,1,2013,1.806058226,1.876048094,2.059075982,-0.297758289,4.71123959
506,2,2013,4.032808726,3.909571844,1.947627268,-0.081001283,0.71398247
507,3,2013,-0.007533484,-0.16974356,0.852302763,0.006879466,-0.088074804
508,4,2013,-0.31532098,-0.340177064,0.340867546,-0.146482513,-0.104553586
509,5,2013,-0.245288619,-0.246188429,-0.148375492,-0.411357559,-0.343924127
510,6,2013,0.094326944,0.094213634,-0.1888487,-0.148861728,-0.025966087
511,7,2013,-0.045811809,-0.064448761,-0.024708225,0.252559671,0.146558273
512,8,2013,0.025719099,0.023118467,-0.032027168,-0.368315135,-0.002992616
513,9,2013,0.187946459,0.202475678,-0.142694519,-0.389758744,0.136568275
514,10,2013,-0.120871753,-0.104119159,-0.081043782,-0.425301778,0.453828091
515,11,2013,-0.060456432,0.003168765,0.214301769,-0.475556697,0.908266352
516,12,2013,0.421292628,0.485181924,0.558486037,-0.277502955,1.987712548
517,1,2014,2.628950249,2.66259444,1.596714048,-0.452447997,2.206634835
518,2,2014,2.604556158,1.85915098,1.647206881,-0.125562828,0.357202077
519,3,2014,-0.01287512,-0.273413077,1.810284961,0.174365951,0.138211578
520,4,2014,-0.320690361,-0.327947805,0.785371952,0.007874407,0.097186563
521,5,2014,-0.128225021,-0.11234122,0.278439738,0.096737471,0.123299163
522,6,2014,0.234646571,0.257351053,0.047007726,0.053430569,-0.143593498
523,7,2014,-0.147254653,-0.144038984,-0.006497341,-0.103066612,-0.292979802
524,8,2014,-0.023423928,-0.014186431,-0.00088716,-0.158029852,-0.354263009
525,9,2014,-0.176173621,-0.174711323,0.07738201,0.175046683,-0.447558293
526,10,2014,-0.097388463,-0.085734763,0.150727692,0.227852361,-0.467401221
527,11,2014,-0.029938455,-0.101644353,-0.365424505,-0.38975847,-0.819236474
528,12,2014,-0.731636482,-0.786035348,-0.732367918,0.120879233,-0.922842609
529,1,2015,-0.909018798,-0.917840048,-0.485196568,0.966821107,-0.479262294
530,2,2015,-0.552485279,-0.38821299,-0.082584903,0.444596598,0.029236017
531,3,2015,0.91502088,1.235995502,-0.184494667,0.073024023,0.086673103
532,4,2015,0.060331406,0.198503525,-0.205025972,0.025274492,-0.011845911
533,5,2015,0.275377621,0.302139529,0.116864692,0.179546043,0.207184594
534,6,2015,0.031432577,0.016603915,0.258279371,0.22728375,0.107828391
535,7,2015,-0.097800424,-0.087102672,0.204133928,0.077677691,-0.049603102
536,8,2015,0.020692009,0.018633971,-0.044735271,-0.245342979,-0.416357344
537,9,2015,-0.236569171,-0.240117899,-0.115472369,-0.006093061,-0.645298823
538,10,2015,-0.286851923,-0.325457098,-0.0916002,0.153759694,-0.739882097
539,11,2015,-0.102490692,-0.186619663,-0.312128965,-0.118701977,-0.767489822
540,12,2015,-0.701816594,-0.767181636,-0.689327457,0.035653415,-0.909588605
541,1,2016,-0.936630165,-0.94997255,-0.601641076,0.629994403,-0.534826305
542,2,2016,-0.439244514,-0.258584856,0.161989774,0.615266679,-0.012321701
543,3,2016,0.334875032,0.296571453,0.687691239,0.156751603,-0.00567818
544,4,2016,-0.035494284,0.000172635,0.169950908,0.157014171,0.122699233
545,5,2016,0.322236537,0.325673269,0.246509933,0.236787259,0.540042762
546,6,2016,0.008262524,0.016768568,0.224013231,0.052409167,0.088163057
547,7,2016,-0.086765115,-0.076047708,0.00532891,-0.262491846,-0.354419821
548,8,2016,-0.381627426,-0.360998801,-0.073166716,-0.003326023,-0.612157876
549,9,2016,-0.348287802,-0.338155331,0.005342409,0.41410558,-0.712663885
550,10,2016,-0.117929374,-0.114052842,0.062351516,-0.116808986,-0.35982092
551,11,2016,-0.333793657,-0.326741592,-0.22469074,-0.657800949,-0.113662086
552,12,2016,-0.297098007,-0.359166316,-0.048828696,0.036726875,-0.104987924
553,1,2017,-0.729508522,-0.815022849,-0.338898535,0.13588508,-0.525993817
554,2,2017,-0.627453003,-0.523200598,-0.128658568,0.112110763,-0.082993591
555,3,2017,0.074383017,0.209872321,0.177583587,0.136074396,0.008731223
556,4,2017,0.382462873,0.339362365,-0.04679076,0.202687192,0.122928416
557,5,2017,0.00556623,-0.010314899,0.168786029,0.322404423,0.330975641
558,6,2017,0.024741117,0.017119359,0.026500206,-0.026707617,-0.025632372
559,7,2017,0.056455135,0.061690384,-0.059757236,-0.271874723,-0.015183001
560,8,2017,-0.23170167,-0.225590657,-0.126415573,-0.239715755,-0.129601842
561,9,2017,-0.061107885,-0.051911053,0.016242859,0.583343792,-0.214116494
562,10,2017,0.224634071,0.228766386,0.086578113,0.324229192,0.111772394
563,11,2017,0.036691714,0.009169392,0.124827769,0.101656358,0.329755776
564,12,2017,0.39457673,0.302719361,0.304439941,-0.019178244,0.007332903
